l_english:
brittany_area:0 "布列塔尼"
brittany_area_name:0 "布列塔尼"
brittany_area_adj:0 "布列塔尼"
normandy_area:0 "诺曼底"
normandy_area_name:0 "诺曼底"
normandy_area_adj:0 "诺曼底"
provence_area:0 "普罗旺斯"
provence_area_name:0 "普罗旺斯"
provence_area_adj:0 "普罗旺斯"
guyenne_area:0 "吉耶纳"
guyenne_area_name:0 "吉耶纳"
guyenne_area_adj:0 "吉耶纳"
poitou_area:0 "普瓦图"
poitou_area_name:0 "普瓦图"
poitou_area_adj:0 "普瓦图"
sahel_region:0 "萨赫勒"
sahel_region_name:0 "萨赫勒"
sahel_region_adj:0 "萨赫勒"
basque_country:0 "瓦斯卡尼亚"
basque_country_name:0 "巴斯克部"
basque_country_adj:0 "巴斯克部"
pyrenees_area:1 "加斯科涅"
pyrenees_area_name:1 "加斯科涅"
pyrenees_area_adj:1 "加斯科涅"
languedoc_area:0 "郎格多克"
languedoc_area_name:0 "郎格多克"
languedoc_area_adj:1 "郎格多克"
bourgogne_area:0 "勃艮第"
bourgogne_area_name:0 "勃艮第"
bourgogne_area_adj:0 "勃艮第"
massif_central_area:0 "中央高原"
massif_central_area_name:0 "奥弗涅"
massif_central_area_adj:0 "奥弗涅"
savoy_dauphine_area:0 "萨伏依"
savoy_dauphine_area_name:0 "萨伏依"
savoy_dauphine_area_adj:0 "萨伏依"
lorraine_area:0 "洛林"
lorraine_area_name:0 "洛林"
lorraine_area_adj:0 "洛林"
picardy_area:0 "皮卡第"
picardy_area_name:0 "皮卡第"
picardy_area_adj:0 "皮卡第"
champagne_area:0 "香槟"
champagne_area_name:0 "香槟"
champagne_area_adj:0 "香槟"
holland_area:0 "荷兰"
holland_area_name:0 "荷兰"
holland_area_adj:0 "荷兰"
ile_de_france_area:0 "法兰西岛"
ile_de_france_area_name:0 "巴黎"
ile_de_france_area_adj:0 "巴黎"
seine_area:0 "塞纳"
seine_area_name:0 "巴黎"
seine_area_adj:0 "巴黎"
loire_area:0 "卢瓦尔"
loire_area_name:0 "安茹"
loire_area_adj:1 "安茹"
wallonia_area:0 "瓦隆尼亚"
wallonia_area_name:0 "瓦隆尼亚"
wallonia_area_adj:0 "瓦隆尼亚"
flanders_area:0 "弗拉芒"
flanders_area_name:0 "佛兰德"
flanders_area_adj:0 "弗拉芒"
brabant_area:0 "布拉班特"
brabant_area_name:0 "布拉班特"
brabant_area_adj:0 "布拉班特"
netherlands_area:0 "尼德兰"
netherlands_area_name:0 "尼德兰"
netherlands_area_adj:0 "荷兰"
frisia_area:0 "弗里西亚"
frisia_area_name:0 "弗里西亚"
frisia_area_adj:0 "弗里西亚"
aragon_area:0 "阿拉贡"
aragon_area_name:0 "阿拉贡"
aragon_area_adj:0 "阿拉贡"
catalonia_area:0 "加泰罗尼亚"
catalonia_area_name:0 "加泰罗尼亚"
catalonia_area_adj:0 "加泰罗尼亚"
valencia_area:0 "瓦伦西亚"
valencia_area_name:0 "瓦伦西亚"
valencia_area_adj:0 "瓦伦西亚"
lower_andalucia_area:0 "下安达卢西亚"
lower_andalucia_area_name:0 "科尔多瓦"
lower_andalucia_area_adj:0 "科尔多瓦"
upper_andalucia_area:0 "上安达卢西亚"
upper_andalucia_area_name:0 "格拉纳达"
upper_andalucia_area_adj:0 "格拉纳达"
castille_area:0 "卡斯蒂利亚"
castille_area_name:0 "卡斯蒂利亚"
castille_area_adj:0 "卡斯蒂利亚"
toledo_area:0 "托雷多"
toledo_area_name:0 "托雷多"
toledo_area_adj:0 "托雷多"
asturias_area:0 "阿斯图里亚斯"
asturias_area_name:0 "阿斯图里亚斯"
asturias_area_adj:0 "阿斯图里亚斯"
leon_area:0 "莱昂"
leon_area_name:0 "莱昂"
leon_area_adj:0 "莱昂"
basque_area:0 "巴斯克地区"
basque_area_name:0 "巴斯克部"
basque_area_adj:0 "巴斯克部"
beieras_area:0 "贝拉斯"
beieras_area_name:0 "贝拉斯"
beieras_area_adj:0 "贝拉斯"
alentejo_area:0 "阿连特茹"
alentejo_area_name:0 "阿连特茹"
alentejo_area_adj:0 "阿连特茹"
macaronesia_area:0 "马卡罗尼西亚"
macaronesia_area_name:0 "马卡罗尼西亚"
macaronesia_area_adj:0 "马卡罗尼西亚"
venetia_area:0 "威尼斯"
venetia_area_name:0 "威尼斯"
venetia_area_adj:0 "威尼斯"
lombardy_area:0 "伦巴第"
lombardy_area_name:0 "伦巴第"
lombardy_area_adj:0 "伦巴第"
piedmont_area:0 "皮埃蒙特"
piedmont_area_name:0 "皮埃蒙特"
piedmont_area_adj:0 "皮埃蒙特"
tuscany_area:0 "托斯卡纳"
tuscany_area_name:0 "托斯卡纳"
tuscany_area_adj:0 "托斯卡纳"
liguria_area:0 "利古里亚"
liguria_area_name:0 "利古里亚"
liguria_area_adj:0 "利古里亚"
corsica_sardinia_area:1 "西地中海岛屿"
corsica_sardinia_area_name:0 "撒丁岛"
corsica_sardinia_area_adj:0 "撒丁岛"
sicily_area:0 "西西里"
sicily_area_name:0 "西西里"
sicily_area_adj:0 "西西里"
naples_area:1 "拉齐奥-坎帕尼亚"
naples_area_name:0 "那不勒斯"
naples_area_adj:0 "那不勒斯"
calabria_area:0 "卡拉布里亚"
calabria_area_name:0 "卡拉布里亚"
calabria_area_adj:0 "卡拉布里亚"
apulia_area:0 "普利亚"
apulia_area_name:0 "普利亚"
apulia_area_adj:0 "普利亚"
emilia_romagna_area:0 "艾米利亚-罗马涅"
emilia_romagna_area_name:0 "艾米利亚"
emilia_romagna_area_adj:0 "艾米利亚"
central_italy_area:0 "中意大利"
central_italy_area_name:0 "罗马"
central_italy_area_adj:0 "罗马"
ireland_area:0 "爱尔兰"
ireland_area_name:0 "爱尔兰"
ireland_area_adj:0 "爱尔兰"
highlands_area:0 "苏格兰高地"
highlands_area_name:0 "苏格兰高地"
highlands_area_adj:0 "苏格兰高地"
lowlands_area:0 "苏格兰低地"
lowlands_area_name:0 "苏格兰低地"
lowlands_area_adj:0 "苏格兰低地"
kingdom_of_the_isles_area:0 "群岛地区"
kingdom_of_the_isles_area_name:0 "马恩"
kingdom_of_the_isles_area_adj:0 "马恩岛"
east_midlands_area:0 "东米德兰兹"
east_midlands_area_name:0 "麦西亚"
east_midlands_area_adj:0 "麦西亚"
west_midlands_area:0 "西米德兰兹"
west_midlands_area_name:0 "林肯郡"
west_midlands_area_adj:0 "林肯郡"
yorkshire_area:0 "约克"
yorkshire_area_name:0 "约克"
yorkshire_area_adj:0 "约克"
scottish_marches_area:0 "苏格兰海望"
scottish_marches_area_name:0 "海望"
scottish_marches_area_adj:0 "海望"
home_counties_area:0 "伦敦"
home_counties_area_name:0 "英格兰"
home_counties_area_adj:0 "英格兰"
wales_area:0 "威尔士"
wales_area_name:0 "威尔士"
wales_area_adj:0 "威尔士"
northern_england_area:0 "诺森布里亚"
northern_england_area_name:0 "诺森布里亚"
northern_england_area_adj:0 "诺森布里亚"
mercia_area:0 "麦西亚"
mercia_area_name:0 "麦西亚"
mercia_area_adj:0 "麦西亚"
wessex_area:0 "威塞克斯"
wessex_area_name:0 "威塞克斯"
wessex_area_adj:0 "威塞克斯"
east_anglia_area:0 "东盎格利亚"
east_anglia_area_name:0 "盎格利亚"
east_anglia_area_adj:0 "盎格利亚"
denmark_area:0 "丹麦"
denmark_area_name:0 "丹麦"
denmark_area_adj:0 "丹麦"
jutland_area:0 "北日德兰"
jutland_area_name:0 "日德兰"
jutland_area_adj:0 "日德兰"
skaneland_area:0 "斯科讷"
skaneland_area_name:0 "斯堪尼亚"
skaneland_area_adj:0 "斯堪尼亚"
gotaland_area:1 "东约特兰"
gotaland_area_name:0 "约特兰"
gotaland_area_adj:0 "耶阿特"
vastra_gotaland_area:0 "西约塔兰"
vastra_gotaland_area_adj:0 "斯卡兰"
vastra_gotaland_area_name:0 "斯卡兰"
svealand_area:1 "西斯韦阿兰"
svealand_area_name:0 "瑞典"
svealand_area_adj:0 "瑞典"
ostra_svealand_area:0 "东斯韦阿兰"
ostra_svealand_area_name:0 "达拉纳"
ostra_svealand_area_adj:0 "达拉纳"
baltic_islands_area:0 "波罗的海诸岛"
baltic_islands_area_name:0 "波罗的海"
baltic_islands_area_adj:0 "波罗的海"
norrland_area:0 "诺尔兰"
norrland_area_name:0 "诺尔兰"
norrland_area_adj:0 "诺尔兰"
finland_area:0 "芬兰"
finland_area_name:0 "芬兰"
finland_area_adj:0 "芬兰"
karelia_area:1 "南卡累利阿"
karelia_area_name:0 "卡累利阿"
karelia_area_adj:0 "卡累利阿"
north_karelia:0 "北卡累利阿"
north_karelia_adj:0 "奧洛涅茨"
north_karelia_name:0 "奧洛涅茨"
northern_norway:1 "特伦德拉格"
northern_norway_name:0 "特伦德拉格"
northern_norway_adj:0 "特伦德拉格"
eastern_norway:0 "东挪威"
eastern_norway_name:0 "挪威"
eastern_norway_adj:0 "挪威"
western_norway:0 "韦斯特兰"
western_norway_name:0 "卑尔根"
western_norway_adj:0 "卑尔根"
subarctic_islands_area:1 "法罗群岛"
subarctic_islands_area_name:0 "法罗群岛"
subarctic_islands_area_adj:1 "法罗群岛"
greenland_area:0 "格陵兰"
greenland_area_name:0 "格陵兰"
greenland_area_adj:0 "格陵兰"
iceland_area:0 "冰岛"
iceland_area_name:0 "冰岛"
iceland_area_adj:0 "冰岛"
estonia_ingria_area:0 "爱沙尼亚"
estonia_ingria_area_name:0 "爱沙尼亚"
estonia_ingria_area_adj:0 "爱沙尼亚"
livonia_area:0 "利沃尼亚"
livonia_area_name:0 "利沃尼亚"
livonia_area_adj:0 "利沃尼亚"
curonia_area:0 "库尔兰"
curonia_area_name:0 "库尔兰"
curonia_area_adj:0 "库尔兰"
east_prussia_area:0 "东普鲁士"
east_prussia_area_name:0 "普鲁士"
east_prussia_area_adj:0 "普鲁士"
west_prussia_area:0 "西普鲁士"
west_prussia_area_name:1 "海乌姆诺"
west_prussia_area_adj:1 "海乌姆诺"
pomerelia_area:0 "东波美拉尼亚"
pomerelia_area_name:0 "东波美拉尼亚"
pomerelia_area_adj:0 "东波美拉尼亚"
wielkopolska_area:0 "大波兰"
wielkopolska_area_name:0 "大波兰"
wielkopolska_area_adj:0 "大波兰"
malopolska_area:0 "小波兰"
malopolska_area_name:0 "小波兰"
malopolska_area_adj:0 "小波兰"
podolia_volhynia_area:0 "波多利亚-沃利尼亚"
podolia_volhynia_area_name:0 "沃利尼亚"
podolia_volhynia_area_adj:0 "沃利尼亚"
pripyat_area:0 "普里皮亚季"
pripyat_area_name:0 "布列斯特"
pripyat_area_adj:0 "布列斯特"
mazovia_area:0 "马佐夫舍"
mazovia_area_name:0 "马佐夫舍"
mazovia_area_adj:0 "马佐夫舍"
lithuania_area:1 "维尔纽斯"
lithuania_area_name:0 "立陶宛"
lithuania_area_adj:0 "立陶宛"
samogitia_area:0 "萨莫吉希亚"
samogitia_area_name:0 "萨莫吉希亚"
samogitia_area_adj:0 "萨莫吉希亚"
west_dniepr_area:0 "西第聂伯河"
west_dniepr_area_name:0 "切尔卡瑟"
west_dniepr_area_adj:0 "切尔卡瑟"
east_dniepr_area:0 "东第聂伯河"
east_dniepr_area_name:0 "波尔塔瓦"
east_dniepr_area_adj:0 "波尔塔瓦"
sloboda_ukraine_area:0 "斯沃博达乌克兰"
sloboda_ukraine_area_name:0 "哈尔科夫"
sloboda_ukraine_area_adj:0 "哈尔科夫"
azov_area:0 "亚速"
azov_area_name:0 "亚速"
azov_area_adj:0 "亚速"
zaporizhia_area:0 "扎波罗热"
zaporizhia_area_name:0 "扎波罗热"
zaporizhia_area_adj:0 "扎波罗热"
yedisan_area:0 "叶迪山"
yedisan_area_name:0 "叶迪山"
yedisan_area_adj:0 "叶迪山"
crimea_area:0 "克里米亚"
crimea_area_name:0 "克里米亚"
crimea_area_name_adj:0 "克里米亚"
white_ruthenia_area:0 "白鲁塞尼亚"
white_ruthenia_area_adj:0 "白鲁塞尼亚"
white_ruthenia_area_name:0 "白鲁塞尼亚"
red_ruthenia_area:0 "红鲁塞尼亚"
red_ruthenia_area_name:0 "红鲁塞尼亚"
red_ruthenia_area_adj:0 "红鲁塞尼亚"
ryazan_area:0 "梁赞"
ryazan_area_name:0 "梁赞"
ryazan_area_adj:0 "梁赞"
moscow_area:0 "莫斯科"
moscow_area_name:0 "莫斯科"
moscow_area_adj:0 "莫斯科"
suzdal_area:0 "苏兹达尔"
suzdal_area_name:0 "苏兹达尔"
suzdal_area_adj:0 "苏兹达尔"
smolensk_area:0 "斯摩棱斯克"
smolensk_area_name:0 "斯摩棱斯克"
smolensk_area_adj:0 "斯摩棱斯克"
novgorod_area:0 "诺夫哥罗德"
novgorod_area_name:0 "诺夫哥罗德"
novgorod_area_adj:0 "诺夫哥罗德"
pskov_area:0 "普斯科夫"
pskov_area_name:0 "普斯科夫"
pskov_area_adj:0 "普斯科夫"
beloozero_area:0 "别洛焦尔"
beloozero_area_name:0 "别洛焦尔"
beloozero_area_adj:0 "别洛焦尔"
astrakhan_area:0 "阿斯特拉罕"
astrakhan_area_name:0 "阿斯特拉罕"
astrakhan_area_adj:0 "阿斯特拉罕"
lower_don_area:0 "下顿河"
lower_don_area_name:0 "切尔卡瑟"
lower_don_area_adj:0 "切尔卡瑟"
kazan_area:0 "喀山"
kazan_area_name:0 "喀山"
kazan_area_adj:0 "喀山"
samara_area:0 "萨马拉"
samara_area_name:0 "萨马拉"
samara_area_adj:0 "萨马拉"
lower_yik_area:0 "下伊克"
lower_yik_area_name:0 "雷恩"
lower_yik_area_adj:0 "雷恩"
nogai_area:0 "诺盖"
nogai_area_name:0 "诺盖"
nogai_area_adj:0 "诺盖"
ural_area:0 "乌拉尔"
ural_area_name:0 "乌拉尔"
ural_area_adj:0 "乌拉尔"
pomor_area:0 "波默尔"
pomor_area_name:0 "波默尔"
pomor_area_adj:0 "波默尔"
bashkiria_area:0 "巴什基尔"
bashkiria_area_name:0 "巴什基尔"
bashkiria_area_adj:0 "巴什基尔"
galich_area:0 "加利奇"
galich_area_name:0 "加利奇"
galich_area_adj:0 "加利奇"
kama_area:0 "卡玛"
kama_area_name:0 "卡玛"
kama_area_adj:0 "卡玛"
tambov_area:0 "坦波夫"
tambov_area_name:0 "坦波夫"
tambov_area_adj:0 "坦波夫"
saratov_area:0 "萨拉托夫"
saratov_area_name:0 "萨拉托夫"
saratov_area_adj:0 "萨拉托夫"
silesia_area:0 "西里西亚"
silesia_area_name:0 "西里西亚"
silesia_area_adj:0 "西里西亚"
bohemia_area:0 "波希米亚"
bohemia_area_name:0 "波希米亚"
bohemia_area_adj:0 "波希米亚"
erzgebirge_area:0 "厄尔士山脉"
erzgebirge_area_name:0 "皮尔森"
erzgebirge_area_adj:0 "皮尔森"
south_saxony_area:0 "南萨克森"
south_saxony_area_name:0 "迈森"
south_saxony_area_adj:0 "迈森"
lower_bavaria_area:0 "下巴伐利亚"
lower_bavaria_area_name:0 "上普法尔茨"
lower_bavaria_area_adj:0 "上普法尔茨"
upper_bavaria_area:0 "上巴伐利亚"
upper_bavaria_area_name:0 "巴伐利亚"
upper_bavaria_area_adj:0 "巴伐利亚"
franconia_area:0 "法兰克尼亚"
franconia_area_name:0 "法兰克尼亚"
franconia_area_adj:0 "法兰克尼亚"
lower_swabia_area:0 "下施瓦本"
lower_swabia_area_name:0 "施瓦本"
lower_swabia_area_adj:0 "施瓦本"
upper_swabia_area:0 "上施瓦本"
upper_swabia_area_name:0 "康斯坦茨"
upper_swabia_area_adj:0 "康斯坦茨"
northern_saxony_area:0 "北萨克森"
northern_saxony_area_name:0 "阿尔特马克"
northern_saxony_area_adj:0 "阿尔特马克"
thuringia_area:0 "图林根"
thuringia_area_name:0 "图林根"
thuringia_area_adj:0 "图林根"
neumark_area:0 "纽马克"
neumark_area_name:0 "纽马克"
neumark_area_adj:0 "纽马克"
mittelmark_area:0 "米特尔马克"
mittelmark_area_name:0 "米特尔马克"
mittelmark_area_adj:0 "米特尔马克"
vorpommern_area:0 "前波美拉尼亚"
vorpommern_area_name:0 "前波美拉尼亚"
vorpommern_area_adj:0 "前波美拉尼亚"
hinter_pommern_area:0 "后波美拉尼亚"
hinter_pommern_area_name:0 "后波美拉尼亚"
hinter_pommern_area_adj:0 "后波美拉尼亚"
tirol_area:0 "蒂罗尔"
tirol_area_name:0 "蒂罗尔"
tirol_area_adj:0 "蒂罗尔"
austria_proper_area:0 "奥地利本部"
austria_proper_area_name:0 "奥地利"
austria_proper_area_adj:0 "奥地利"
inner_austria_area:0 "内奥地利"
inner_austria_area_name:0 "卡林西亚"
inner_austria_area_adj:0 "卡林西亚"
carinthia_area:0 "卡尔尼奥拉"
carinthia_area_name:0 "卡尔尼奥拉"
carinthia_area_adj:0 "卡尔尼奥拉"
switzerland_area:0 "瑞士"
switzerland_area_name:0 "瑞士"
switzerland_area_adj:0 "瑞士"
romandie_area:0 "罗曼蒂"
romandie_area_name:0 "罗曼蒂"
romandie_area_adj:0 "罗曼蒂"
upper_rhineland_area:0 "上莱茵兰"
upper_rhineland_area_name:0 "巴登"
upper_rhineland_area_adj:0 "巴登"
palatinate_area:0 "普法尔茨"
palatinate_area_name:0 "普法尔茨"
palatinate_area_adj:0 "普法尔茨"
north_rhine_area:0 "北莱茵"
north_rhine_area_name:0 "克莱沃"
north_rhine_area_adj:0 "克莱沃"
lower_rhineland_area:0 "下莱茵兰"
lower_rhineland_area_name:0 "尤利希"
lower_rhineland_area_adj:0 "尤利希"
luxemburg_liege_area:0 "列日"
luxemburg_liege_area_name:0 "列日"
luxemburg_liege_area_adj:0 "列日"
westphalia_area:0 "威斯特法伦"
westphalia_area_name:0 "威斯特法伦"
westphalia_area_adj:0 "威斯特法伦"
hesse_area:0 "黑森"
hesse_area_name:0 "黑森"
hesse_area_adj:0 "黑森"
lower_saxony_area:0 "下萨克森"
lower_saxony_area_name:0 "卡伦贝格"
lower_saxony_area_adj:0 "卡伦贝格"
weser_area:0 "威悉"
weser_area_name:0 "不来梅"
weser_area_adj:0 "不来梅"
holstein_area:1 "石勒苏益格-荷尔斯泰因"
holstein_area_name:0 "荷尔斯泰因"
holstein_area_adj:0 "荷尔斯泰因"
braunschweig_area:0 "布伦瑞克"
braunschweig_area_adj:0 "布伦瑞克"
mecklenburg_area:0 "梅克伦堡"
mecklenburg_area_name:0 "梅克伦堡"
mecklenburg_area_adj:0 "梅克伦堡"
macedonia_area:0 "马其顿"
macedonia_area_name:0 "马其顿"
macedonia_area_adj:0 "马其顿"
morea_area:0 "摩里亚"
morea_area_name:0 "摩里亚"
morea_area_adj:0 "摩里亚"
northern_greece_area:0 "希腊北部"
northern_greece_area_name:0 "色萨利"
northern_greece_area_adj:0 "色萨利"
thrace_area:0 "色雷斯"
thrace_area_name:0 "色雷斯"
thrace_area_adj:0 "色雷斯"
bulgaria_area:0 "保加利亚"
bulgaria_area_name:0 "保加利亚"
bulgaria_area_adj:0 "保加利亚"
wallachia_area:0 "瓦拉几亚"
wallachia_area_name:0 "瓦拉几亚"
wallachia_area_adj:0 "瓦拉几亚"
moldavia_area:0 "摩尔达维亚"
moldavia_area_name:0 "摩尔达维亚"
moldavia_area_adj:0 "摩尔达维亚"
transylvania_area:1 "北特兰西瓦尼亚"
transylvania_area_name:0 "特兰西瓦尼亚"
transylvania_area_adj:0 "特兰西瓦尼亚"
southern_transylvania_area:0 "南特兰西瓦尼亚"
southern_transylvania_area_name:0 "特兰西瓦尼亚萨克森部"
southern_transylvania_area_adj:0 "特兰西瓦尼亚萨克森部"
slovakia_area:0 "斯洛伐克"
slovakia_area_name:0 "斯洛伐克"
slovakia_area_adj:0 "斯洛伐克"
serbia_area:0 "塞尔维亚"
serbia_area_name:0 "塞尔维亚"
serbia_area_adj:0 "塞尔维亚"
rascia_area:0 "拉什卡"
rascia_area_name:0 "拉什卡"
rascia_area_adj:0 "拉什卡"
albania_area:0 "阿尔巴尼亚"
albania_area_name:0 "阿尔巴尼亚"
albania_area_adj:0 "阿尔巴尼亚"
bosnia_area:0 "波斯尼亚"
bosnia_area_name:0 "波斯尼亚"
bosnia_area_adj:0 "波斯尼亚"
croatia_area:0 "克罗地亚"
croatia_area_name:0 "克罗地亚"
croatia_area_adj:0 "克罗地亚"
east_adriatic_coast_area:0 "东亚得里亚"
east_adriatic_coast_area_name:0 "达尔马提亚"
east_adriatic_coast_area_adj:0 "达尔马提亚"
alfold_area:0 "匈牙利大平原"
alfold_area_name:0 "德布勒森"
alfold_area_adj:0 "德布勒森"
transdanubia_area:0 "外多瑙"
transdanubia_area_name:0 "外多瑙"
transdanubia_area_adj:0 "外多瑙"
georgia_area:0 "格鲁吉亚"
georgia_area_name:0 "格鲁吉亚"
georgia_area_adj:0 "格鲁吉亚"
odishi_area:0 "梅格列利亚"
odishi_area_name:0 "伊梅列季"
odishi_area_adj:0 "伊梅列季"
armenia_area:0 "亚美尼亚"
armenia_area_name:0 "亚美尼亚"
armenia_area_adj:0 "亚美尼亚"
north_kurdistan_area:1 "库尔德斯坦"
north_kurdistan_area_name:0 "库尔德斯坦"
north_kurdistan_area_adj:0 "库尔德斯坦"
shirvan_area:0 "希尔凡"
shirvan_area_name:0 "希尔凡"
shirvan_area_adj:0 "希尔凡"
circassia_area:0 "切尔克西亚"
circassia_area_name:0 "切尔克西亚"
circassia_area_adj:0 "切尔克西亚"
dagestan_area:0 "达吉斯坦"
dagestan_area_name:0 "达吉斯坦"
dagestan_area_adj:0 "达吉斯坦"
rum_area:0 "罗姆"
rum_area_name:0 "罗姆"
rum_area_adj:0 "罗姆"
erzurum_area:0 "埃尔祖鲁姆"
erzurum_area_name:0 "埃尔祖鲁姆"
erzurum_area_adj:0 "埃尔祖鲁姆"
karaman_area:0 "卡拉曼"
karaman_area_name:0 "卡拉曼"
karaman_area_adj:0 "卡拉曼"
hudavendigar_area:0 "布尔萨"
hudavendigar_area_name:1 "布尔萨"
hudavendigar_area_adj:1 "布尔萨"
aydin_area:0 "艾丁"
aydin_area_name:0 "艾丁"
aydin_area_adj:0 "艾丁"
kastamonu_area:1 "卡斯塔莫努"
kastamonu_area_name:0 "卡斯塔莫努"
kastamonu_area_adj:0 "卡斯塔莫努"
aleppo_area:0 "阿勒颇"
aleppo_area_name:0 "库库罗瓦"
aleppo_area_adj:0 "库库罗瓦"
syria_area:0 "叙利亚"
syria_area_name:0 "叙利亚"
syria_area_adj:0 "叙利亚"
palestine_area:0 "培勒舍蒂那"
palestine_area_name:0 "培勒舍蒂那"
palestine_area_adj:0 "巴勒斯坦"
dulkadir_area:0 "杜勒卡迪尔"
dulkadir_area_name:0 "杜尔卡迪尔"
dulkadir_area_adj:0 "杜勒卡迪尔"
eastern_mediterrenean_islands_area:0 "东地中海诸岛"
eastern_mediterrenean_islands_area_name:0 "罗德岛"
eastern_mediterrenean_islands_area_adj:0 "罗德岛"
eastern_aegean_area:0 "爱琴海东部"
eastern_aegean_area_name:0 "莱斯沃斯岛"
eastern_aegean_area_adj:0 "莱斯沃斯岛"
western_aegean_area:0 "爱琴海西部"
western_aegean_area_name:0 "埃维亚岛"
western_aegean_area_adj:0 "埃维亚岛"
rakka_area:0 "拉卡"
rakka_area_name:0 "拉卡"
rakka_area_adj:0 "拉卡"
al_jazira_area:0 "杰兹拉"
al_jazira_area_name:0 "杰兹拉"
al_jazira_area_adj:0 "杰兹拉"
iraq_arabi_area:0 "伊拉克"
iraq_arabi_area_name:0 "伊拉克"
iraq_arabi_area_adj:0 "伊拉克"
basra_area:0 "巴士拉"
basra_area_name:0 "巴士拉"
basra_area_adj:0 "巴士拉"
south_kurdistan_area:0 "南库尔德斯坦"
south_kurdistan_area_name:0 "舒赫索"
south_kurdistan_area_adj:0 "舒赫索"
bahrain_area:0 "巴林"
bahrain_area_name:0 "巴林"
bahrain_area_adj:0 "巴林"
sarat_area:0 "萨拉特"
sarat_area_name:0 "萨拉特"
sarat_area_adj:0 "萨拉特"
pirate_coast_area:0 "海盗海岸"
pirate_coast_area_adj:0 "巴尼亚斯"
pirate_coast_area_name:0 "巴尼亚斯"
yamamah_area:0 "阿尔-亚玛玛"
yamamah_area_name:0 "内志"
yamamah_area_adj:0 "内志"
qasim_area:0 "阿尔-卡西姆"
qasim_area_name:0 "卡西姆"
qasim_area_adj:0 "卡西姆"
hejaz_area:0 "汉志"
hejaz_area_name:0 "汉志"
hejaz_area_adj:0 "汉志"
tabuk_area:0 "塔布克"
tabuk_area_name:0 "塔布克"
tabuk_area_adj:0 "塔布克"
yemen_area:1 "下也门"
yemen_area_name:0 "也门"
yemen_area_adj:0 "也门"
hadramut_area:0 "哈得拉姆"
hadramut_area_name:0 "哈得拉姆"
hadramut_area_adj:0 "哈得拉姆"
dhofar_area:0 "佐法尔"
dhofar_area_name:0 "佐法尔"
dhofar_area_adj:0 "佐法尔"
oman_area:0 "阿曼"
oman_area_name:0 "阿曼"
oman_area_adj:0 "阿曼"
gharbia_area:0 "加尔比亚"
gharbia_area_name:0 "亚历山大港"
gharbia_area_adj:0 "亚历山大港"
sharqiya_area:0 "夏其雅"
sharqiya_area_name:0 "西奈"
sharqiya_area_adj:0 "西奈"
central_egypt_area:0 "埃及中部"
central_egypt_area_name:0 "埃及"
central_egypt_area_adj:0 "埃及"
upper_egypt_area:0 "上埃及"
upper_egypt_area_name:0 "阿斯旺"
upper_egypt_area_adj:0 "阿斯旺"
libyan_desert_area:0 "利比亚沙漠"
libyan_desert_area_name:0 "哈里杰"
libyan_desert_area_adj:0 "哈里杰"
cyrenaica_area:0 "昔兰尼加"
cyrenaica_area_name:0 "昔兰尼加"
cyrenaica_area_adj:0 "昔兰尼加"
tripolitania_area:0 "的黎波里塔尼亚"
tripolitania_area_name:0 "的黎波里塔尼亚"
tripolitania_area_adj:0 "的黎波里塔尼亚"
fezzan_area:0 "费赞"
fezzan_area_name:0 "费赞"
fezzan_area_adj:0 "费赞"
tunisia_area:0 "突尼斯"
tunisia_area_name:0 "突尼斯"
tunisia_area_adj:0 "突尼斯"
kabylia_area:0 "卡比利亚"
kabylia_area_name:0 "卡比利亚"
kabylia_area_adj:0 "卡比利亚"
algiers_area:0 "阿尔及尔"
algiers_area_name:0 "阿尔及尔"
algiers_area_adj:0 "阿尔及尔"
hautes_plaines_area:0 "高地平原"
hautes_plaines_area_name:0 "提特里"
hautes_plaines_area_adj:0 "提特里"
ouled_nail_area:0 "乌列奈尔"
ouled_nail_area_name:0 "乌列奈尔"
ouled_nail_area_adj:0 "乌列奈尔"
djerba_area:0 "杰尔巴"
djerba_area_name:0 "杰尔巴"
djerba_area_adj:0 "杰尔巴"
north_saharan_area:0 "北撒哈拉"
north_saharan_area_name:0 "杰里德"
north_saharan_area_adj:0 "杰里德"
tafilalt_area:0 "塔菲拉勒特"
tafilalt_area_name:0 "塔菲拉勒特"
tafilalt_area_adj:0 "塔菲拉勒特"
sus_area:0 "苏斯"
sus_area_name:0 "苏斯"
sus_area_adj:0 "苏斯"
marrekesh_area:1 "摩洛哥中部"
marrekesh_area_name:0 "马拉喀什"
marrekesh_area_adj:0 "马拉喀什"
western_morocco_area:0 "阿尔卜"
western_morocco_area_name:0 "萨菲"
western_morocco_area_adj:0 "萨菲"
southern_morocco_area:0 "摩洛哥南部"
southern_morocco_area_name:0 "萨阿迪"
southern_morocco_area_adj:0 "萨阿迪"
fez_area:0 "非斯"
fez_area_name:0 "非斯"
fez_area_adj:0 "非斯"
northern_morocco_area:0 "北摩洛哥"
northern_morocco_area_name:0 "休达"
northern_morocco_area_adj:0 "休达"
madagascar_area:0 "马达加斯加"
madagascar_area_name:0 "马达加斯加"
madagascar_area_adj:0 "马达加斯加"
bunyoro_area:0 "布尼奥罗"
bunyoro_area_name:0 "布尼奥罗"
bunyoro_area_adj:0 "布尼奥罗"
uganda_area:0 "乌干达"
uganda_area_name:0 "乌干达"
uganda_area_adj:0 "乌干达"
rwanda_area:0 "卢旺达"
rwanda_area_name:0 "卢旺达"
rwanda_area_adj:0 "卢旺达"
jubba_area:0 "朱巴"
jubba_area_name:0 "朱巴"
jubba_area_adj:0 "朱巴"
tanzania_area:0 "坦桑尼亚"
tanzania_area_name:0 "坦桑尼亚"
tanzania_area_adj:0 "坦桑尼亚"
buha_area:0 "布哈"
buha_area_name:0 "布哈"
buha_area_adj:0 "布哈"
buzinza_area:0 "布津扎"
buzinza_area_name:0 "布津扎"
buzinza_area_adj:0 "布津扎"
luba_area:0 "卢巴"
luba_area_name:0 "卢巴"
luba_area_adj:0 "卢巴"
katanga_area:0 "沙巴"
katanga_area_name:0 "加丹加"
katanga_area_adj:0 "加丹加"
chokwe_area:0 "绍奎"
chokwe_area_name:0 "绍奎"
chokwe_area_adj:0 "绍奎"
zambia_area:0 "赞比亚"
zambia_area_name:0 "赞比亚"
zambia_area_adj:0 "赞比亚"
lower_zambezi_area:0 "下赞比西"
lower_zambezi_area_name:0 "赞比西"
lower_zambezi_area_adj:0 "赞比西"
upper_zambezi_area:0 "上赞比西"
upper_zambezi_area_name:1 "恩森加"
upper_zambezi_area_adj:1 "恩森加"
butua_area:0 "布图阿"
butua_area_name:0 "布图阿"
butua_area_adj:0 "布图阿"
shire_area:0 "希雷"
shire_area_name:0 "马拉维"
shire_area_adj:0 "马拉维"
coastal_kongo:0 "刚果海岸"
coastal_kongo_name:0 "索约"
coastal_kongo_adj:0 "索约"
lower_kasai:0 "下开赛"
lower_kasai_name:0 "特约"
lower_kasai_adj:0 "特约"
sankuru_area:0 "桑库鲁"
sankuru_area_adj:0 "桑库鲁"
sankuru_area_name:0 "桑库鲁"
kasai_area:0 "开赛"
kasai_area_name:0 "开赛"
kasai_area_adj:0 "开赛"
matamba_area:0 "马坦巴"
matamba_area_name:0 "马坦巴"
matamba_area_adj:0 "马坦巴"
ngonde_area:0 "恩贡德"
ngonde_area_adj:0 "恩贡德"
ngonde_area_name:0 "恩贡德"
uticulo_makuana_area:0 "马夸内"
uticulo_makuana_area_name:0 "马夸内"
uticulo_makuana_area_adj:0 "马夸内"
ruvuma_area:0 "鲁伍马"
ruvuma_area_name:0 "鲁伍马"
ruvuma_area_adj:0 "鲁伍马"
zimbabwe_area:0 "津巴布韦"
zimbabwe_area_name:0 "津巴布韦"
zimbabwe_area_adj:0 "津巴布韦"
mozambique_area:0 "莫桑比克"
mozambique_area_name:0 "莫桑比克"
mozambique_area_adj:0 "莫桑比克"
central_swahili_coast_area:0 "斯瓦希里中部海岸"
central_swahili_coast_area_name:0 "桑给巴尔"
central_swahili_coast_area_adj:0 "桑给巴尔"
mombasa_area:0 "蒙巴萨"
mombasa_area_name:0 "蒙巴萨"
mombasa_area_adj:0 "蒙巴萨"
northern_swahili_coast_area:0 "斯瓦希里北部海岸"
northern_swahili_coast_area_name:1 "帕泰"
northern_swahili_coast_area_adj:1 "帕泰"
east_african_islands_area:0 "东非诸岛"
east_african_islands_area_name:0 "基尔瓦"
east_african_islands_area_adj:0 "基尔瓦"
ogaden_area:0 "欧加登"
ogaden_area_name:0 "欧加登"
ogaden_area_adj:0 "欧加登"
darfur_central_sahara_area:0 "中撒哈拉"
darfur_central_sahara_area_name:0 "达尔富尔"
darfur_central_sahara_area_adj:0 "达尔富尔"
kurdufan_area:0 "科尔多凡"
kurdufan_area_name:0 "科尔多凡"
kurdufan_area_adj:0 "科尔多凡"
lower_nubia_area:0 "下努比亚"
lower_nubia_area_name:0 "努比亚"
lower_nubia_area_adj:0 "努比亚"
sennar_area:0 "森纳尔"
sennar_area_name:0 "森纳尔"
sennar_area_adj:0 "森纳尔"
dongola_area:0 "栋古拉"
dongola_area_name:0 "栋古拉"
dongola_area_adj:0 "栋古拉"
upper_nubia_area:0 "上努比亚"
upper_nubia_area_name:0 "阿洛迪亚"
upper_nubia_area_adj:0 "阿洛迪亚"
red_sea_coast_area:0 "红海海岸"
red_sea_coast_area_name:0 "梅德里巴赫里"
red_sea_coast_area_adj:0 "梅德里巴赫里"
aussa_area:0 "奥萨"
aussa_area_name:0 "奥萨"
aussa_area_adj:0 "奥萨"
tigray_area:0 "提格雷"
tigray_area_name:0 "提格雷"
tigray_area_adj:0 "提格雷"
damot_area:0 "达默特"
damot_area_name:0 "达默特"
damot_area_adj:0 "达默特"
shewa_area:0 "绍阿"
shewa_area_name:0 "绍阿"
shewa_area_adj:0 "绍阿"
bete_amhara_area:1 "贝塔阿姆哈拉"
ifat_area:0 "伊法特"
ifat_area_name:0 "伊法特"
ifat_area_adj:0 "伊法特"
somaliland_area:0 "索马里兰"
somaliland_area_name:0 "索马里兰"
somaliland_area_adj:0 "索马里兰"
southern_ethiopia_area:0 "咖法"
southern_ethiopia_area_name:0 "咖法"
southern_ethiopia_area_adj:0 "咖法"
hadiya_area:0 "哈迪亚"
hadiya_area_name:0 "哈迪亚"
hadiya_area_adj:0 "哈迪亚"
central_ethiopia_area:0 "中埃塞俄比亚"
central_ethiopia_area_name:0 "埃塞俄比亚"
central_ethiopia_area_adj:0 "埃塞俄比亚"
mogadishu_area:0 "摩加迪沙"
mogadishu_area_name:0 "摩加迪沙"
mogadishu_area_adj:0 "摩加迪沙"
ajuuran_area:0 "阿居乌壤"
ajuuran_area_name:0 "阿居乌壤"
ajuuran_area_adj:0 "阿居乌壤"
majarteen_area:0 "马吉尔廷"
majarteen_area_name:0 "马吉尔廷"
majarteen_area_adj:0 "马吉尔廷"
mascarenes_area:0 "马斯卡瑞恩"
mascarenes_area_name:0 "马斯卡瑞恩"
mascarenes_area_adj:0 "马斯卡瑞恩"
indian_ocean_islands_area:0 "印度洋诸岛"
indian_ocean_islands_area_name:0 "马尔代夫"
indian_ocean_islands_area_adj:0 "马尔代夫"
vogelkop_area:0 "鸟头半岛"
vogelkop_area_name:0 "鸟头半岛"
vogelkop_area_adj:0 "鸟头半岛"
papua_area:1 "巴布亚半岛"
papua_area_name:0 "巴布亚"
papua_area_adj:0 "巴布亚"
melanesia_area:0 "美拉尼西亚"
melanesia_area_name:0 "美拉尼西亚"
melanesia_area_adj:0 "美拉尼西亚"
west_micronesia_area:0 "西密克罗尼西亚"
west_micronesia_area_name:0 "帕劳"
west_micronesia_area_adj:0 "帕劳"
micronesia_area:1 "东密克罗尼西亚"
micronesia_area_name:0 "密克罗尼西亚"
micronesia_area_adj:0 "密克罗尼西亚"
western_australia_area:0 "西澳大利亚"
western_australia_area_name:0 "珀斯"
western_australia_area_adj:0 "珀斯"
top_end_area:0 "澳大利亚极北地"
top_end_area_name:0 "澳大利亚"
top_end_area_adj:0 "澳大利亚"
northern_australia_area:0 "北澳大利亚"
northern_australia_area_name:1 "拜阿里"
northern_australia_area_adj:1 "拜阿里"
eastern_australia_area:0 "东澳大利亚"
eastern_australia_area_name:0 "昆士兰"
eastern_australia_area_adj:0 "昆士兰"
murray_river_area:0 "墨累河区"
murray_river_area_name:0 "维尔盖亚"
murray_river_area_adj:0 "维尔盖亚"
southern_australia_area:0 "南澳大利亚"
southern_australia_area_name:0 "维多利亚"
southern_australia_area_adj:0 "维多利亚"
eastern_polynesia_area:0 "东波利尼西亚"
eastern_polynesia_area_name:0 "大溪地"
eastern_polynesia_area_adj:0 "大溪地"
northern_polynesia_area:0 "北波利尼西亚"
northern_polynesia_area_name:0 "夏威夷"
northern_polynesia_area_adj:0 "夏威夷"
polynesia_area:0 "波利尼西亚"
polynesia_area_name:0 "波利尼西亚"
polynesia_area_adj:0 "波利尼西亚"
te_ika_a_maui_area:0 "北岛"
te_ika_a_maui_area_name:0 "北岛"
te_ika_a_maui_area_adj:0 "毛利"
te_waipounamu_area:0 "南岛"
te_waipounamu_area_name:0 "南岛"
te_waipounamu_area_adj:0 "毛利"
western_sahara_area:0 "西撒哈拉"
western_sahara_area_name:0 "阿扎瓦德"
western_sahara_area_adj:0 "阿扎瓦德"
cap_verde_area:0 "佛得角"
cap_verde_area_name:0 "佛得角"
cap_verde_area_adj:0 "佛得角"
jolof_area:0 "乔洛夫"
jolof_area_name:0 "乔洛夫"
jolof_area_adj:0 "乔洛夫"
tekrur_area:0 "台克鲁尔"
tekrur_area_name:0 "台克鲁尔"
tekrur_area_adj:0 "台克鲁尔"
baghena_area:0 "巴格纳"
baghena_area_name:0 "巴格纳"
baghena_area_adj:0 "巴格纳"
manding_area:0 "曼丁"
manding_area_name:0 "曼丁"
manding_area_adj:0 "曼丁"
futa_jallon_area:0 "富塔贾隆"
futa_jallon_area_name:0 "富塔贾隆"
futa_jallon_area_adj:0 "富塔贾隆"
jenne_area:0 "杰内"
jenne_area_name:0 "杰内"
jenne_area_adj:0 "杰内"
massina_area:0 "马西纳"
massina_area_name:0 "马西纳"
massina_area_adj:0 "马西纳"
niger_bend_area:0 "尼日尔河套"
niger_bend_area_name:0 "廷巴克图"
niger_bend_area_adj:0 "廷巴克图"
upper_volta_area:0 "上沃尔特"
upper_volta_area_name:0 "布基纳法索"
upper_volta_area_adj:1 "布基纳法索"
kong_area:0 "孔格"
kong_area_name:0 "孔格"
kong_area_adj:0 "孔格"
lower_volta_area:0 "下沃尔特"
lower_volta_area_name:0 "沃尔特"
lower_volta_area_adj:0 "沃尔特"
lower_niger_area:0 "下尼日尔"
lower_niger_area_name:0 "翁多"
lower_niger_area_adj:0 "翁多"
hausa_area:1 "卡诺"
hausa_area_name:0 "豪萨兰"
hausa_area_adj:0 "豪萨兰"
katsina_area:0 "卡齐纳"
katsina_area_name:0 "卡齐纳"
katsina_area_adj:0 "卡齐纳"
zazzau_area:0 "扎若"
zazzau_area_name:0 "扎若"
zazzau_area_adj:0 "扎若"
bornu_area:0 "博尔努"
bornu_area_name:0 "博尔努"
bornu_area_adj:0 "博尔努"
kanem_area:0 "卡奈姆"
kanem_area_name:0 "卡奈姆"
kanem_area_adj:0 "卡奈姆"
adamawa_plateau_area:0 "阿达马瓦高原"
adamawa_plateau_area_name:0 "约拉"
adamawa_plateau_area_adj:0 "约拉"
dendi_area:0 "登迪"
dendi_area_name:0 "登迪"
dendi_area_adj:0 "登迪"
azbin_area:1 "西艾尔高原"
azbin_area_name:1 "艾尔"
azbin_area_adj:1 "艾尔"
east_azbin_area:0 "东艾尔高原"
east_azbin_area_name:0 "艾尔"
east_azbin_area_adj:0 "艾尔"
atacora_oueme_area:0 "阿塔科拉韦梅"
atacora_oueme_area_name:0 "达荷美"
atacora_oueme_area_adj:0 "达荷美"
benin_area:0 "贝宁"
benin_area_name:0 "贝宁"
benin_area_adj:1 "贝宁"
gulf_of_guinea_area:0 "几内亚湾"
gulf_of_guinea_area_name:0 "贝宁"
gulf_of_guinea_area_adj:0 "贝宁"
west_africa_coast_area:0 "西非海岸"
west_africa_coast_area_name:0 "黄金海岸"
west_africa_coast_area_adj:0 "黄金海岸"
guinea_coast_area:0 "几内亚"
guinea_coast_area_name:0 "几内亚"
guinea_coast_area_adj:0 "几内亚"
south_atlantic_islands_area:0 "南大西洋诸岛"
south_atlantic_islands_area_name:0 "特里斯坦-达库尼亚群岛"
south_atlantic_islands_area_adj:0 "特里斯坦-达库尼亚群岛"
kongo_area:0 "刚果"
kongo_area_name:0 "刚果"
kongo_area_adj:0 "刚果"
angola_namibia_area:0 "安哥拉"
angola_namibia_area_name:0 "安哥拉"
angola_namibia_area_adj:0 "安哥拉"
west_congo_area:0 "西刚果"
west_congo_area_name:0 "卢安果"
west_congo_area_adj:0 "卢安果"
cape_of_good_hope_area:0 "好望角"
cape_of_good_hope_area_name:0 "开普"
cape_of_good_hope_area_adj:0 "开普"
south_african_plateau_area:0 "南非高原"
south_african_plateau_area_name:0 "南非"
south_african_plateau_area_adj:0 "南非"
makran_area:0 "莫克兰"
makran_area_name:0 "莫克兰"
makran_area_adj:0 "莫克兰"
sistan_area:0 "锡斯坦"
sistan_area_name:0 "锡斯坦"
sistan_area_adj:0 "锡斯坦"
kalat_area:0 "卡拉特"
kalat_area_name:0 "卡拉特"
kalat_area_adj:0 "卡拉特"
ferghana_area:0 "费尔干纳"
ferghana_area_name:0 "费尔干纳"
ferghana_area_adj:0 "费尔干纳"
arys_area:0 "阿雷西"
arys_area_name:0 "阿雷西"
arys_area_adj:0 "阿雷西"
kabulistan_area:0 "喀布里斯坦"
kabulistan_area_name:0 "喀布里斯坦"
kabulistan_area_adj:0 "喀布里斯坦"
ghor_area:0 "古尔"
ghor_area_name:0 "古尔"
ghor_area_adj:0 "古尔"
kyzylkum_area:0 "克孜勒库姆"
kyzylkum_area_name:0 "突厥斯坦"
kyzylkum_area_adj:0 "突厥斯坦"
transoxiana_area:0 "河中地区"
transoxiana_area_name:0 "河中地区"
transoxiana_area_adj:0 "河中地区"
khiva_area:0 "希瓦"
khiva_area_name:0 "希瓦"
khiva_area_adj:0 "希瓦"
transcaspia_area:0 "特兰斯卡斯皮亚"
transcaspia_area_name:0 "土库曼斯坦"
transcaspia_area_adj:0 "土库曼斯坦"
khorasan_area:0 "呼罗珊"
khorasan_area_name:0 "呼罗珊"
khorasan_area_adj:0 "呼罗珊"
merv_area:0 "梅尔夫"
merv_area_name:0 "梅尔夫"
merv_area_adj:0 "梅尔夫"
luristan_area:0 "卢里斯坦"
luristan_area_name:0 "卢里斯坦"
luristan_area_adj:0 "卢里斯坦"
balkh_area:0 "巴尔赫"
balkh_area_name:0 "巴尔赫"
balkh_area_adj:0 "巴尔赫"
kerman_area:0 "克尔曼"
kerman_area_name:0 "克尔曼"
kerman_area_adj:0 "克尔曼"
persian_gulf_coast:0 "波斯湾海岸"
persian_gulf_coast_name:0 "霍尔木兹"
persian_gulf_coast_adj:0 "霍尔木兹"
farsistan_area:0 "法尔西斯坦"
farsistan_area_name:0 "法尔西斯坦"
farsistan_area_adj:0 "法尔西斯坦"
iraq_e_ajam_area:0 "波斯外伊拉克部"
iraq_e_ajam_area_name:0 "波斯"
iraq_e_ajam_area_adj:0 "波斯"
isfahan_area:0 "伊斯法罕"
isfahan_area_name:0 "伊斯法罕"
isfahan_area_adj:0 "伊斯法罕"
azerbaijan_area:0 "阿塞拜疆"
azerbaijan_area_name:0 "阿塞拜疆"
azerbaijan_area_adj:0 "阿塞拜疆"
tabriz_area:0 "大布里士"
tabriz_area_name:0 "大布里士"
tabriz_area_adj:0 "大布里士"
tabarestan_area:0 "塔巴里斯坦"
tabarestan_area_name:0 "塔巴里斯坦"
tabarestan_area_adj:0 "塔巴里斯坦"
upper_doab_area:0 "上河间地"
upper_doab_area_name:0 "德里"
upper_doab_area_adj:0 "德里"
sirhind_area:0 "锡林德"
sirhind_area_name:0 "锡林德"
sirhind_area_adj:0 "锡林德"
central_doab_area:0 "中央河间地"
central_doab_area_name:0 "阿格拉"
central_doab_area_adj:0 "阿格拉"
oudh_area:0 "奥德"
oudh_area_name:0 "奥德"
oudh_area_adj:0 "奥德"
purvanchal_area:0 "普凡查"
purvanchal_area_name:0 "章普尔"
purvanchal_area_adj:0 "章普尔"
lower_doab_area:0 "下河间地"
lower_doab_area_name:0 "卡尔皮"
lower_doab_area_adj:0 "卡尔皮"
lahore_area:0 "拉合尔"
lahore_area_name:0 "拉合尔"
lahore_area_adj:0 "拉合尔"
multan_area:0 "木尔坦"
multan_area_name:0 "木尔坦"
multan_area_adj:0 "木尔坦"
west_bengal_area:0 "西孟加拉"
west_bengal_area_name:0 "孟加拉"
west_bengal_area_adj:0 "孟加拉"
naga_hills_area:0 "那加山"
naga_hills_area_name:0 "那加兰"
naga_hills_area_adj:0 "那加"
east_bengal_area:0 "东孟加拉"
east_bengal_area_name:0 "特里普拉"
east_bengal_area_adj:0 "特里普拉"
north_bengal_area:0 "北孟加拉"
north_bengal_area_name:0 "库奇"
north_bengal_area_adj:0 "库奇"
bihar_area:0 "比哈尔"
bihar_area_name:0 "比哈尔"
bihar_area_adj:0 "比哈尔"
jharkhand_area:0 "贾坎德"
jharkhand_area_name:0 "贾坎德"
jharkhand_area_adj:0 "贾坎德"
gondwana_area:0 "冈瓦纳"
gondwana_area_name:0 "冈瓦纳"
gondwana_area_adj:0 "冈瓦纳"
orissa_area:0 "奥里萨"
orissa_area_name:0 "奥里萨"
orissa_area_adj:0 "奥里萨"
garjat_area:0 "迦贾德"
garjat_area_name:0 "迦贾德"
garjat_area_adj:0 "迦贾德"
telingana_area:0 "特伦甘纳"
telingana_area_name:0 "特伦甘纳"
telingana_area_adj:0 "特伦甘纳"
andhra_area:0 "安得拉"
andhra_area_name:0 "安得拉"
andhra_area_adj:0 "安得拉"
rayalaseema_area:0 "拉雅拉西玛"
rayalaseema_area_name:0 "维查耶纳伽尔"
rayalaseema_area_adj:0 "维查耶纳伽尔"
kerala_area:0 "喀拉拉"
kerala_area_name:0 "马拉巴尔"
kerala_area_adj:0 "马拉巴尔"
malwa_area:0 "马尔瓦"
malwa_area_name:0 "马尔瓦"
malwa_area_adj:0 "马尔瓦"
mewar_area:0 "梅瓦尔"
mewar_area_name:0 "梅瓦尔"
mewar_area_adj:0 "梅瓦尔"
marwar_area:0 "马尔瓦"
marwar_area_name:0 "马尔瓦"
marwar_area_adj:0 "马尔瓦"
jaipur_area:0 "斋浦尔"
jaipur_area_name:0 "斋浦尔"
jaipur_area_adj:0 "斋浦尔"
sindh_area:0 "信德"
sindh_area_name:0 "信德"
sindh_area_adj:0 "信德"
carnatic_area:0 "卡纳提克"
carnatic_area_name:0 "卡纳提克"
carnatic_area_adj:0 "卡纳提克"
coromandel_area:0 "科罗曼德"
coromandel_area_name:0 "科罗曼德"
coromandel_area_adj:0 "科罗曼德"
madura_area:0 "马都拉"
madura_area_name:0 "马都拉"
madura_area_adj:0 "马都拉"
konkan_area:0 "康坎"
konkan_area_name:0 "焦尔"
konkan_area_adj:0 "焦尔"
kanara_area:0 "卡纳达"
kanara_area_name:0 "卡纳达"
kanara_area_adj:0 "卡纳拉"
maidan_area:0 "马坦"
maidan_area_name:0 "比贾布尔"
maidan_area_adj:0 "比贾布尔"
mysore_area:0 "迈索尔"
mysore_area_name:0 "迈索尔"
mysore_area_adj:0 "迈索尔"
maharashtra_area:0 "马哈拉施特拉"
maharashtra_area_name:0 "马哈拉施特拉"
maharashtra_area_adj:0 "马哈拉施特拉"
desh_area:0 "德什"
desh_area_name:0 "浦那"
desh_area_adj:0 "浦那"
assam_area:0 "阿萨姆"
assam_area_name:0 "阿萨姆"
assam_area_adj:0 "阿萨姆"
himalayan_hills_area:0 "喜马拉雅山区"
himalayan_hills_area_name:0 "加瓦尔"
himalayan_hills_area_adj:0 "加瓦尔"
nepalese_area:0 "尼泊尔"
nepalese_area_name:0 "尼泊尔"
nepalese_area_adj:0 "尼泊尔"
kashmir_area:0 "克什米尔"
kashmir_area_name:0 "克什米尔"
kashmir_area_adj:0 "克什米尔"
lanka_area:0 "锡兰"
lanka_area_name:0 "锡兰"
lanka_area_adj:0 "锡兰"
gujarat_area:0 "古吉拉特"
gujarat_area_name:0 "古吉拉特"
gujarat_area_adj:0 "古吉拉特"
tapti_area:0 "达布蒂"
tapti_area_name:0 "巴罗达"
tapti_area_adj:0 "巴罗达"
saurashtra_area:0 "索拉什特拉"
saurashtra_area_name:0 "索拉什特拉"
saurashtra_area_adj:0 "索拉什特拉"
upper_burma_area:0 "上缅甸"
upper_burma_area_name:0 "阿瓦"
upper_burma_area_adj:0 "阿瓦"
lower_burma_area:0 "下缅甸"
lower_burma_area_name:0 "缅甸"
lower_burma_area_adj:0 "缅甸"
kachin_area:0 "克钦"
kachin_area_name:0 "克钦"
kachin_area_adj:0 "克钦"
shan_hill_area:0 "掸山"
shan_hill_area_adj:0 "掸"
shan_hill_area_name:0 "掸"
karenni_area:0 "克伦尼"
karenni_area_name:0 "克伦尼"
karenni_area_adj:0 "克伦尼"
arakan_area:0 "若开"
arakan_area_name:0 "若开"
arakan_area_adj:0 "若开"
malaya_area:0 "马来亚"
malaya_area_name:0 "马来亚"
malaya_area_adj:0 "马来亚"
khorat_area:0 "呵叻"
khorat_area_name:0 "呵叻"
khorat_area_adj:0 "呵叻"
champa_area:0 "占婆"
champa_area_name:0 "占婆"
champa_area_adj:0 "占婆"
cambodia_area:0 "柬埔寨"
cambodia_area_name:0 "柬埔寨"
cambodia_area_adj:0 "柬埔寨"
mekong_area:0 "湄公河"
mekong_area_name:0 "金边"
mekong_area_adj:0 "金边"
malacca_area:0 "马六甲"
malacca_area_name:0 "马六甲"
malacca_area_adj:0 "马六甲"
tenasserim_area:1 "中丹那沙林"
tenasserim_area_name:0 "洛坤"
tenasserim_area_adj:0 "洛坤"
north_tenasserim_area:0 "北丹那沙林"
north_tenasserim_area_name:0 "叻丕"
north_tenasserim_area_adj:0 "叻丕"
red_river_delta_area:0 "红河"
red_river_delta_area_name:0 "越南"
red_river_delta_area_adj:0 "越南"
vietnam_area:1 "东京"
vietnam_area_name:1 "东京"
vietnam_area_adj:0 "东京"
south_laos_area:0 "南老挝"
south_laos_area_name:0 "万象"
south_laos_area_adj:0 "万象"
north_laos_area:0 "北老挝"
north_laos_area_name:0 "琅勃拉邦"
north_laos_area_adj:0 "琅勃拉邦"
central_thai_area:0 "中泰"
central_thai_area_name:0 "阿育他耶"
central_thai_area_adj:0 "阿育他耶"
northern_thai_area:0 "北泰"
northern_thai_area_name:0 "兰纳"
northern_thai_area_adj:0 "兰纳"
great_moluccas_area:0 "大摩鹿加"
great_moluccas_area_name:0 "摩鹿加"
great_moluccas_area_adj:0 "摩鹿加"
luzon_area:0 "吕宋"
luzon_area_name:0 "吕宋"
luzon_area_adj:0 "吕宋"
mindanao_area:0 "棉兰老岛"
mindanao_area_name:0 "棉兰老岛"
mindanao_area_adj:0 "棉兰老岛"
north_sumatra_area:1 "亚齐"
north_sumatra_area_name:0 "蓝无里"
north_sumatra_area_adj:0 "蓝无里"
batak_area:0 "巴塔克"
batak_area_name:0 "巴塔克"
batak_area_adj:0 "巴塔克"
central_sumatra_area:1 "廖内"
central_sumatra_area_name:0 "占碑"
central_sumatra_area_adj:0 "占碑"
minangkabau_area:0 "米南加保"
minangkabau_area_name:0 "米南加保"
minangkabau_area_adj:0 "米南加保"
south_sumatra_area:1 "楠榜"
south_sumatra_area_name:0 "明古鲁"
south_sumatra_area_adj:0 "明古鲁"
indonesian_islands_area:0 "印度尼西亚群岛"
indonesian_islands_area_name:0 "印度尼西亚群岛"
indonesian_islands_area_adj:0 "印度尼西亚"
east_java_area:0 "东爪哇"
east_java_area_name:0 "巽他"
east_java_area_adj:0 "巽他"
central_java_area:0 "中爪哇"
central_java_area_name:0 "卡尔塔"
central_java_area_adj:0 "卡尔塔"
west_java_area:0 "西爪哇"
west_java_area_name:0 "谏义里"
west_java_area_adj:0 "谏义里"
kutai_area:0 "库泰"
kutai_area_name:0 "库泰"
kutai_area_adj:0 "库泰"
brunei_area:0 "文莱"
brunei_area_name:0 "文莱"
brunei_area_adj:0 "文莱"
kalimantan_area:0 "加里曼丹"
kalimantan_area_name:0 "加里曼丹"
kalimantan_area_adj:0 "加里曼丹"
spice_islands_area:0 "香料群岛"
spice_islands_area_name:0 "蒂多雷"
spice_islands_area_adj:0 "蒂多雷"
ceram_area:0 "赛兰"
ceram_area_name:0 "赛兰"
ceram_area_adj:0 "赛兰"
molluca_area:0 "摩鹿加"
molluca_area_name:0 "特尔纳特"
molluca_area_adj:0 "特尔纳特"
lesser_sunda_islands_area:0 "小巽他群岛"
lesser_sunda_islands_area_name:1 "巴厘"
lesser_sunda_islands_area_adj:1 "巴厘"
timor_area:0 "帝汶"
timor_area_name:0 "帝汶"
timor_area_adj:0 "帝汶"
sulawesi_area:1 "北苏拉威西"
sulawesi_area_name:1 "帕卢"
sulawesi_area_adj:1 "帕卢"
south_sulawesi_area:0 "南苏拉威西"
south_sulawesi_area_name:0 "望加锡"
south_sulawesi_area_adj:0 "望加锡"
western_korea_area:0 "朝鲜西部"
western_korea_area_name:0 "京畿道"
western_korea_area_adj:0 "京畿道"
hamgyeong_area:0 "咸镜道"
hamgyeong_area_name:0 "咸镜道"
hamgyeong_area_adj:0 "咸镜道"
pyongan_area:0 "平安道"
pyongan_area_name:0 "平安道"
pyongan_area_adj:0 "平安道"
central_korea_area:0 "朝鲜中部"
central_korea_area_name:0 "朝鲜"
central_korea_area_adj:0 "朝鲜"
south_korea_area:1 "朝鲜南部"
south_korea_area_name:0 "全罗道"
south_korea_area_adj:0 "全罗道"
eastern_korea_area:0 "朝鲜东部"
eastern_korea_area_name:0 "庆尚道"
eastern_korea_area_adj:0 "庆尚道"
hokkaido_area:0 "北海道"
hokkaido_area_name:0 "北海道"
hokkaido_area_adj:0 "北海道"
kyushu_area:1 "九州南部"
kyushu_area_name:0 "九州"
kyushu_area_adj:0 "九州"
northern_kyushu:0 "九州北部"
northern_kyushu_adj:0 "肥前"
northern_kyushu_name:0 "肥前"
chubu_area:0 "中部"
chubu_area_name:0 "中部"
chubu_area_adj:0 "中部"
thohoku_area:0 "东北"
thohoku_area_name:0 "东北"
thohoku_area_adj:0 "东北"
kinai_area:0 "畿内"
kinai_area_name:0 "畿内"
kinai_area_adj:0 "畿内"
kanto_area:1 "关东西部"
kanto_area_name:0 "关东"
kanto_area_adj:0 "关东"
eastern_kanto_area:0 "关东东部"
eastern_kanto_area_name:0 "常陆"
eastern_kanto_area_adj:0 "常陆"
shikoku_area:0 "四国"
shikoku_area_name:0 "四国"
shikoku_area_adj:0 "四国"
east_china_sea_islands_area:0 "东海诸岛"
east_china_sea_islands_area_name:0 "琉球"
east_china_sea_islands_area_adj:0 "琉球"
kolyma_area:0 "科雷马"
kolyma_area_name:0 "科雷马"
kolyma_area_adj:0 "科雷马"
kansai_area:0 "关西"
kansai_area_name:0 "关西"
kansai_area_adj:0 "关西"
sanindo_area:0 "山阴道"
sanindo_area_name:0 "山阴道"
sanindo_area_adj:0 "山阴道"
saigoku_area:1 "山阳道"
saigoku_area_name:0 "山阳道"
saigoku_area_adj:0 "山阳道"
hokuriku_area:0 "北陆"
hokuriku_area_name:0 "北陆"
hokuriku_area_adj:0 "北陆"
chugoku_area:0 "中国"
chugoku_area_name:0 "中国"
chugoku_area_adj:0 "中国"
kamchatka_area:0 "堪察加"
kamchatka_area_name:0 "堪察加"
kamchatka_area_adj:0 "堪察加"
magadan_area:0 "马加丹"
magadan_area_name:0 "马加丹"
magadan_area_adj:0 "马加丹"
okhotsk_area:0 "鄂霍次克"
okhotsk_area_name:0 "鄂霍次克"
okhotsk_area_adj:0 "鄂霍次克"
yakutia_area:0 "雅库特"
yakutia_area_name:0 "雅库特"
yakutia_area_adj:0 "雅库特"
sakha_area:0 "萨哈"
sakha_area_name:0 "萨哈"
sakha_area_adj:0 "萨哈"
buryatia_area:0 "布里亚特"
buryatia_area_name:0 "布里亚特"
buryatia_area_adj:0 "布里亚特"
tunguska_area:0 "通古斯"
tunguska_area_name:0 "通古斯"
tunguska_area_adj:0 "通古斯"
central_siberia_area:0 "中西伯利亚"
central_siberia_area_name:0 "西伯利亚"
central_siberia_area_adj:0 "西伯利亚"
kara_area:0 "卡拉"
kara_area_name:0 "卡拉"
kara_area_adj:0 "卡拉"
ob_area:0 "鄂毕"
ob_area_name:0 "佩加亚欧达"
ob_area_adj:0 "佩加亚欧达"
irkutsk_area:0 "伊尔库茨克"
irkutsk_area_name:0 "伊尔库茨克"
irkutsk_area_adj:0 "伊尔库茨克"
perm_area:0 "彼尔姆"
perm_area_name:0 "彼尔姆"
perm_area_adj:0 "彼尔姆"
balchasj_area:0 "巴尔喀什"
balchasj_area_name:0 "纳德姆"
balchasj_area_adj:0 "纳德姆"
syr_darya_area:0 "锡尔河"
syr_darya_area_name:0 "锡尔河"
syr_darya_area_adj:0 "锡尔河"
kazakhstan_area:0 "哈萨克斯坦"
kazakhstan_area_name:0 "哈萨克斯坦"
kazakhstan_area_adj:0 "哈萨克斯坦"
yrtesh_area:0 "尔塔西"
yrtesh_area_name:0 "克烈"
yrtesh_area_adj:0 "克烈"
ishim_area:0 "伊希姆"
ishim_area_name:0 "秋明"
ishim_area_adj:0 "秋明"
heilongjiang_area:0 "黑龙江西部"
heilongjiang_area_name:0 "黑龙江"
heilongjiang_area_adj:0 "黑龙江"
east_heilongjiang_area:0 "黑龙江东部"
east_heilongjiang_area_name:0 "野人女真部"
east_heilongjiang_area_adj:0 "野人女真部"
jilin_area:0 "南吉林"
jilin_area_name:0 "吉林"
jilin_area_adj:0 "吉林"
central_jilin_area:1 "南依兰哈喇"
central_jilin_area_name:0 "依兰哈喇"
central_jilin_area_adj:0 "依兰哈喇"
ilan_hala_area:1 "北依兰哈喇"
ilan_hala_area_name:0 "德仁"
ilan_hala_area_adj:0 "德仁"
liaoning_area:0 "辽宁"
liaoning_area_name:0 "辽宁"
liaoning_area_adj:0 "辽宁"
ordos_area:0 "鄂尔多斯"
ordos_area_name:0 "鄂尔多斯"
ordos_area_adj:0 "鄂尔多斯"
inner_mongolia_area:0 "内蒙古"
inner_mongolia_area_name:0 "察哈尔"
inner_mongolia_area_adj:0 "察哈尔"
outer_mongolia_area:0 "外蒙古"
outer_mongolia_area_name:0 "蒙古"
outer_mongolia_area_adj:0 "蒙古"
eastern_mongolia:0 "蒙古东部"
eastern_mongolia_name:0 "哲里木"
eastern_mongolia_adj:0 "哲里木"
central_mongolia_area:1 "戈壁"
central_mongolia_area_name:0 "哈拉和林"
central_mongolia_area_adj:0 "哈拉和林"
altai_sayan_area:1 "科布多"
altai_sayan_area_name:0 "阿尔泰"
altai_sayan_area_adj:0 "阿尔泰"
sayan_area:0 "萨彦"
sayan_area_name:0 "萨彦"
sayan_area_area:0 "萨彦"
kashgaria_area:0 "喀什噶尔"
kashgaria_area_name:0 "喀什噶尔"
kashgaria_area_adj:0 "喀什噶尔"
tarim_basin_area:1 "中央回部"
tarim_basin_area_name:0 "回部"
tarim_basin_area_adj:0 "回部"
zungaria_area:0 "南准噶尔"
zungaria_area_name:0 "准噶尔"
zungaria_area_adj:0 "准噶尔"
north_zungaria:0 "北准噶尔"
north_zungaria_name:0 "乌尔扎"
north_zungaria_adj:0 "乌尔扎"
jetysuu_area:0 "七河地区"
jetysuu_area_name:0 "七河地区"
jetysuu_area_adj:0 "七河地区"
amdo_area:0 "安多"
amdo_area_name:0 "安多"
amdo_area_adj:0 "安多"
kham_area:0 "康巴"
kham_area_name:0 "康巴"
kham_area_adj:0 "康巴"
tsang_area:0 "藏"
tsang_area_name:0 "藏"
tsang_area_adj:0 "藏"
utsang_area:1 "卫"
utsang_area_name:0 "卫"
utsang_area_adj:0 "卫"
south_hebei_area:0 "河北南部"
south_hebei_area_name:0 "河间"
south_hebei_area_adj:0 "河间"
hebei_area:0 "河北北部"
hebei_area_name:0 "河北"
hebei_area_adj:0 "河北"
shandong_area:0 "山东"
shandong_area_name:0 "山东"
shandong_area_adj:0 "山东"
jiangsu_area:0 "江苏北部"
jiangsu_area_name:0 "江苏"
jiangsu_area_adj:0 "江苏"
south_jiangsu_area:0 "江苏南部"
south_jiangsu_area_name:0 "南京"
south_jiangsu_area_adj:0 "南京"
anhui_area:0 "安徽北部"
anhui_area_name:0 "安徽"
anhui_area_adj:0 "安徽"
south_anhui_area:0 "安徽南部"
south_anhui_area_name:0 "安庆"
south_anhui_area_adj:0 "安庆"
zhejiang_area:0 "浙江"
zhejiang_area_name:0 "浙江"
zhejiang_area_adj:0 "浙江"
jiangxi_area:0 "江西"
jiangxi_area_name:0 "江西"
jiangxi_area_adj:0 "江西"
fujian_area:0 "福建"
fujian_area_name:0 "福建"
fujian_area_adj:0 "福建"
taiwan_area:0 "台湾"
taiwan_area_name:0 "台湾"
taiwan_area_adj:0 "台湾"
guangdong_area:0 "广东东部"
guangdong_area_name:0 "广东"
guangdong_area_adj:0 "广东"
west_guangdong_area:0 "广东西部"
west_guangdong_area_name:0 "廉州"
west_guangdong_area_adj:0 "廉州"
guangxi_area:0 "广西"
guangxi_area_name:0 "广西"
guangxi_area_adj:0 "广西"
yun_gui_area:0 "云贵"
yun_gui_area_name:0 "云贵"
yun_gui_area_adj:0 "云贵"
yun_gui_borderland_area:0 "云贵边陲"
yun_gui_borderland_area_name:0 "大理"
yun_gui_borderland_area_adj:0 "大理的"
sichuan_area:0 "四川"
sichuan_area_name:0 "四川"
sichuan_area_adj:0 "四川"
chuannan_area:0 "川南"
chuannan_area_name:0 "川南"
chuannan_area_adj:0 "川南"
huguang_area:0 "湖北"
huguang_area_name:0 "湖广"
huguang_area_adj:0 "湖广"
hunan_area:0 "湖南"
hunan_area_name:0 "湖南"
hunan_area_adj:0 "湖南"
north_henan_area:0 "河南北部"
north_henan_area_name:0 "开封"
north_henan_area_adj:0 "开封"
henan_area:0 "河南南部"
henan_area_name:0 "河南"
henan_area_adj:0 "河南"
shanxi_area:0 "山西"
shanxi_area_name:0 "山西"
shanxi_area_adj:0 "山西"
shaanxi_area:0 "陕西"
shaanxi_area_name:0 "陕西"
shaanxi_area_adj:0 "陕西"
gansu_area:0 "甘肃东部"
gansu_area_name:0 "甘肃"
gansu_area_adj:0 "甘肃"
west_gansu_area:0 "甘肃西部"
west_gansu_area_name:0 "玉门"
west_gansu_area_adj:0 "玉门"
rio_grande_do_sol_area:0 "南里奥格兰德"
rio_grande_do_sol_area_name:0 "巴西"
rio_grande_do_sol_area_adj:0 "巴西"
diamantina_area:0 "迪亚曼蒂纳"
diamantina_area_name:0 "迪亚曼蒂纳"
diamantina_area_adj:0 "迪亚曼蒂纳"
minas_gerais_area:0 "米纳斯吉拉斯"
minas_gerais_area_name:1 "米纳斯吉拉斯"
minas_gerais_area_adj:1 "米纳斯吉拉斯"
iquitos_area:0 "伊基托斯"
iquitos_area_name:0 "伊基托斯"
iquitos_area_adj:0 "伊基托斯"
misiones_area:0 "美索不达米亚（南美）"
misiones_area_name:0 "米西奥内斯"
misiones_area_adj:0 "米西奥内斯"
west_sao_paolo_area:0 "瓜伊拉"
west_sao_paolo_area_name:0 "瓜伊拉"
west_sao_paolo_area_adj:0 "瓜伊拉"
ceara_area:0 "塞阿拉"
ceara_area_name:0 "塞阿拉"
ceara_area_adj:0 "塞阿拉"
ofaie_area:0 "奥法"
ofaie_area_name:0 "奥法"
ofaie_area_adj:0 "奥法"
goias_area:0 "戈亚斯"
goias_area_name:0 "戈亚斯"
goias_area_adj:0 "戈亚斯"
pontal_area:0 "蓬塔尔"
pontal_area_name:0 "蓬塔尔"
pontal_area_adj:0 "蓬塔尔"
mato_grosso_area:0 "马托格罗索"
mato_grosso_area_name:0 "格罗索"
mato_grosso_area_adj:0 "格罗索"
guapore_area:0 "瓜波雷"
guapore_area_name:0 "瓜波雷"
guapore_area_adj:0 "瓜波雷"
sao_paolo_area:0 "圣保罗"
sao_paolo_area_name:0 "圣保罗"
sao_paolo_area_adj:0 "圣保罗"
rio_de_janeiro_area:0 "里约热内卢"
rio_de_janeiro_area_name:0 "里约热内卢"
rio_de_janeiro_area_adj:0 "里约热内卢"
bahia_area:0 "巴伊亚"
bahia_area_name:0 "巴伊亚"
bahia_area_adj:0 "巴伊亚"
pernambuco_area:0 "伯南布哥"
pernambuco_area_name:0 "伯南布哥"
pernambuco_area_adj:0 "伯南布哥"
sao_francisco_area:0 "圣弗朗西斯科"
sao_francisco_area_name:0 "帕拉廷加"
sao_francisco_area_adj:0 "帕拉廷加"
maranhao_area:0 "马拉尼昂"
maranhao_area_name:0 "马拉尼昂"
maranhao_area_adj:0 "马拉尼昂"
piaui_area:0 "皮奥伊"
piaui_area_name:0 "皮奥伊"
piaui_area_adj:0 "皮奥伊"
amapa_area:0 "阿马帕"
amapa_area_name:0 "阿马帕"
amapa_area_adj:0 "阿马帕"
grao_para_area:0 "格劳帕拉"
grao_para_area_name:0 "贝伦"
grao_para_area_adj:0 "贝伦"
amazon_area:0 "亚马逊"
amazon_area_name:0 "亚马逊"
amazon_area_adj:0 "亚马逊"
paraguay_area:0 "巴拉圭"
paraguay_area_name:0 "巴拉圭"
paraguay_area_adj:0 "巴拉圭"
patagonia_area:0 "巴塔哥尼亚"
patagonia_area_name:0 "巴塔哥尼亚"
patagonia_area_adj:0 "巴塔哥尼亚"
patagonian_andes:0 "巴塔哥尼亚安第斯"
patagonian_andes_name:0 "丘布特"
patagonian_andes_adj:0 "丘布特"
bahia_blanca_area:0 "布兰卡港"
bahia_blanca_area_name:0 "坎德拉里亚"
bahia_blanca_area_adj:0 "坎德拉里亚"
cuyo_area:0 "库约"
cuyo_area_name:0 "库约"
cuyo_area_adj:0 "库约"
nehuenken_area:0 "内乌肯"
nehuenken_area_name:0 "内乌肯"
nehuenken_area_adj:0 "内乌肯"
southern_pampas_area:0 "南潘帕斯"
southern_pampas_area_name:0 "潘帕斯"
southern_pampas_area_adj:0 "潘帕斯"
buenos_aires_area:0 "布宜诺斯艾利斯"
buenos_aires_area_name:0 "拉普拉塔"
buenos_aires_area_adj:0 "拉普拉塔"
jujuy_area:0 "胡胡伊"
jujuy_area_name:0 "胡胡伊"
jujuy_area_adj:0 "胡胡伊"
potosi_area:0 "波托西"
potosi_area_name:0 "波托西"
potosi_area_adj:0 "波托西"
tucuman_area:0 "图库曼"
tucuman_area_name:0 "图库曼"
tucuman_area_adj:0 "图库曼"
chaco_area:0 "查科"
chaco_area_name:0 "查科"
chaco_area_adj:0 "查科"
banda_oriental_area:0 "东部海岸"
banda_oriental_area_name:0 "乌拉圭"
banda_oriental_area_adj:0 "乌拉圭"
suriname_area:0 "苏里南"
suriname_area_name:0 "苏里南"
suriname_area_adj:0 "苏里南"
guyana_area:0 "圭亚那"
guyana_area_name:0 "圭亚那"
guyana_area_adj:0 "圭亚那"
upper_guyana_area:0 "上圭亚那"
upper_guyana_area_name:0 "安格斯图拉"
upper_guyana_area_adj:0 "安格斯图拉"
quito_area:0 "基多"
quito_area_name:0 "基多"
quito_area_adj:0 "基多"
maracaibo_area:0 "马拉开波"
maracaibo_area_name:0 "马拉开波"
maracaibo_area_adj:0 "马拉开波"
venezuela_area:0 "委内瑞拉"
venezuela_area_name:0 "委内瑞拉"
venezuela_area_adj:0 "委内瑞拉"
eastern_llanos:0 "亚诺斯东部"
eastern_llanos_name:0 "萨拉萨"
eastern_llanos_adj:0 "萨拉萨"
western_llanos:0 "亚诺斯西部"
western_llanos_name:0 "梅塔"
western_llanos_adj:0 "梅塔"
bogota_area:0 "波哥大"
bogota_area_name:0 "波哥大"
bogota_area_name_adj:0 "波哥大"
popayan_area:0 "波帕扬"
popayan_area_name:0 "波帕扬"
popayan_area_adj:0 "波帕扬"
coquivacoa_area:0 "寇其瓦克"
coquivacoa_area_name:0 "寇其瓦克"
coquivacoa_area_adj:0 "寇其瓦克"
northern_chile_area:0 "智利北部"
northern_chile_area_name:0 "智利"
northern_chile_area_adj:0 "智利"
central_chile_area:0 "智利中部"
central_chile_area_name:0 "皮昆马浦"
central_chile_area_adj:0 "皮昆马浦"
southern_chile_area:0 "智利南部"
southern_chile_area_name:0 "艾森"
southern_chile_area_adj:0 "艾森"
antisuyu_area:0 "安蒂苏尤"
antisuyu_area_name:0 "玻利维亚"
antisuyu_area_adj:0 "玻利维亚"
peruan_coast:0 "秘鲁海岸"
peruan_coast_name:0 "纳兹卡"
peruan_coast_adj:0 "纳兹卡"
kuntisuyu_area:0 "孔蒂苏尤"
kuntisuyu_area_name:0 "秘鲁"
kuntisuyu_area_adj:0 "秘鲁"
chimor_area:0 "奇穆"
chimor_area_name:0 "奇穆"
chimor_area_adj:0 "奇穆"
ucayali_area:0 "乌卡亚利"
ucayali_area_name:0 "乌卡亚利"
ucayali_area_adj:0 "乌卡亚利"
cajamarca_area:0 "卡哈马卡"
cajamarca_area_name:0 "卡哈马卡"
cajamarca_area_adj:0 "卡哈马卡"
huanuco_area:0 "瓦努科"
huanuco_area_name:0 "瓦努科"
huanuco_area_adj:0 "瓦努科"
moxos_area:0 "莫克索斯"
moxos_area_name:0 "莫克索斯"
moxos_area_adj:0 "莫克索斯"
beni_area:0 "贝尼"
beni_area_name:0 "贝尼"
beni_area_adj:0 "贝尼"
upper_peru:0 "上秘鲁"
upper_peru_name:0 "波托西"
upper_peru_adj:0 "波托西"
maine_area:0 "缅因"
maine_area_name:1 "佩纳帕斯克"
maine_area_adj:1 "佩纳帕斯克"
great_woods_area:1 "新罕布什尔"
great_woods_area_name:1 "佩纳库克"
great_woods_area_adj:1 "佩纳库克"
massachusetts_bay_area:1 "马萨诸塞"
massachusetts_bay_area_name:1 "万帕诺亚格"
massachusetts_bay_area_adj:1 "万帕诺亚格"
connecticut_valley_area:1 "康涅狄格"
connecticut_valley_area_name:1 "莫西干"
connecticut_valley_area_adj:1 "莫西干"
hudson_valley_area:0 "哈德逊河谷"
hudson_valley_area_name:1 "蒙西"
hudson_valley_area_adj:1 "蒙西"
delaware_valley_area:0 "特拉华谷"
delaware_valley_area_name:1 "乌纳米"
delaware_valley_area_adj:1 "乌纳米"
iroquoisia_area:1 "易洛魁"
iroquoisia_area_name:1 "易洛魁部"
iroquoisia_area_adj:1 "易洛魁部"
south_iroquoisia_area:1 "尚普兰湖区"
south_iroquoisia_area_name:1 "佛蒙特"
south_iroquoisia_area_adj:1 "佛蒙特"
susquehanna_area:1 "威斯特西瓦尼亚"
susquehanna_area_name:1 "伊利"
susquehanna_area_adj:1 "伊利"
chesapeake_area:1 "弗吉尼亚"
chesapeake_area_name:1 "图特洛"
chesapeake_area_adj:1 "图特洛"
great_valley_area:0 "大谷地"
great_valley_area_name:1 "马纳霍克"
great_valley_area_adj:1 "马纳霍克"
piedmont_north_america_area:0 "皮埃蒙特"
piedmont_north_america_area_name:1 "卡托巴"
piedmont_north_america_area_adj:1 "卡托巴"
carolinas_area:1 "北卡罗来纳"
carolinas_area_name:1 "克洛坦"
carolinas_area_adj:1 "克洛坦"
south_carolina_area:0 "南卡罗来纳"
south_carolina_area_name:1 "伊萨提"
south_carolina_area_adj:1 "伊萨提"
upper_american_georgia_area:0 "上佐治亚"
upper_american_georgia_area_name:0 "库萨"
upper_american_georgia_area_adj:1 "库萨"
american_georgia_area:0 "佐治亚"
american_georgia_area_name:1 "雅玛西"
american_georgia_area_adj:1 "雅玛西"
north_florida_area:1 "东佛罗里达"
north_florida_area_name:0 "蒂穆夸"
north_florida_area_adj:0 "蒂穆夸"
florida_area:0 "佛罗里达"
florida_area_name:1 "德贵斯塔"
florida_area_adj:1 "德贵斯塔"
south_appalachia_area:1 "高山区"
south_appalachia_area_name:1 "阿尼洋文亚"
south_appalachia_area_adj:1 "阿尼洋文亚"
appalachia_area:2 "万达利亚"
appalachia_area_name:1 "万达利亚"
appalachia_area_adj:1 "万达利亚"
west_florida_area:0 "西佛罗里达"
west_florida_area_name:1 "瑕托托"
west_florida_area_adj:1 "瑕托托"
mississippi_area:0 "密西西比"
mississippi_area_name:1 "纳齐兹"
mississippi_area_adj:1 "纳齐兹"
alabama_area:0 "阿拉巴马"
alabama_area_name:1 "阿拉巴马哈"
alabama_area_adj:1 "阿拉巴马哈"
kentucky_area:0 "肯塔基"
kentucky_area_name:1 "肖尼"
kentucky_area_adj:1 "肖尼"
miami_river_area:1 "印第安纳"
miami_river_area_name:1 "迈阿密亚"
miami_river_area_adj:1 "迈阿密亚"
mississippi_plain_area:1 "阿肯色"
mississippi_plain_area_name:1 "斯洼克斯部"
mississippi_plain_area_name_adj:1 "斯洼克斯部"
ohio_country_area:0 "俄亥俄"
ohio_country_area_name:1 "怀安多特"
ohio_country_area_adj:1 "怀安多特"
illinois_country_area:0 "伊利诺斯"
illinois_country_area_name:1 "卡霍基亚"
illinois_country_area_adj:1 "卡霍基亚"
michigan_area:0 "密歇根"
michigan_area_name:1 "马斯古顿"
michigan_area_adj:1 "马斯古顿"
wisconsin_area:0 "威斯康星"
wisconsin_area_name:1 "温尼贝戈部"
wisconsin_area_adj:1 "温尼贝戈部"
lake_superior_area:0 "苏必利尔湖区"
lake_superior_area_name:1 "齐佩瓦"
lake_superior_area_adj:1 "齐佩瓦"
lower_louisiana_area:1 "路易斯安纳"
lower_louisiana_area_name:1 "突尼卡"
lower_louisiana_area_adj:1 "突尼卡"
upper_louisiana_area:0 "上路易斯安纳"
upper_louisiana_area_name:1 "伊诺卡"
upper_louisiana_area_adj:1 "伊诺卡"
ozarks_area:0 "欧扎克"
ozarks_area_name:1 "纽康斯卡"
ozarks_area_adj:1 "纽康斯卡"
central_plains_area:0 "中央平原"
central_plains_area_name:1 "坎扎"
central_plains_area_adj:1 "坎扎"
lower_plains_area:1 "南部平原"
lower_plains_area_name:1 "凯凯提"
lower_plains_area_adj:1 "凯凯提"
high_plains_area:0 "高地平原"
high_plains_area_name:1 "阿拉帕霍部"
high_plains_area_adj:1 "阿拉帕霍部"
south_dakota_area:1 "明尼苏达"
south_dakota_area_name:1 "艾赛扬提"
south_dakota_area_adj:1 "艾赛扬提"
dakota_area:0 "达科他"
dakota_area_name:1 "维奇言纳"
dakota_area_adj:1 "维奇言纳"
upper_missouri_area:0 "上密苏里"
upper_missouri_area_name:1 "克劳部"
upper_missouri_area_adj:1 "克劳部"
badlands_area:0 "巴德兰兹劣地"
badlands_area_name:1 "夏延部"
badlands_area_adj:1 "夏延部"
llano_estacado_area:0 "埃斯塔卡多平原"
llano_estacado_area_name:1 "科曼奇部"
llano_estacado_area_adj:1 "科曼奇部"
coastal_prarie_area:1 "德克萨斯平原"
coastal_prarie_area_name:1 "里本阿帕切部"
coastal_prarie_area_adj:1 "里本阿帕切部"
texas_area:0 "德克萨斯"
texas_area_name:1 "通卡瓦"
texas_area_adj:1 "通卡瓦"
rio_grande_area:1 "塔毛利帕斯"
rio_grande_area_name:1 "塔毛利帕斯"
rio_grande_area_adj:1 "塔毛利帕斯"
new_mexico_area:0 "新墨西哥"
new_mexico_area_name:0 "新墨西哥"
new_mexico_area_adj:0 "新墨西哥"
colorado_plateau_area:0 "科罗拉多高原"
colorado_plateau_area_name:1 "纳瓦霍"
colorado_plateau_area_adj:1 "纳瓦霍"
arizona_area:0 "亚利桑那"
arizona_area_name:1 "亚瓦派"
arizona_area_adj:1 "亚瓦派"
california_area:1 "上加利福尼亚"
california_area_name:1 "丘马什"
california_area_adj:1 "丘马什"
central_valley_area:0 "中央谷地"
central_valley_area_name:1 "约库特"
central_valley_area_adj:1 "约库特"
oregon_area:0 "俄勒冈"
oregon_area_name:1 "卡拉普亚"
oregon_area_adj:1 "卡拉普亚"
columbia_river_area:0 "哥伦比亚河区"
columbia_river_area_name:1 "斯波坎"
columbia_river_area_adj:1 "斯波坎"
snake_river_area:0 "斯内克河区"
snake_river_area_name:0 "内兹佩尔塞部"
snake_river_area_adj:0 "内兹佩尔塞部"
salish_sea_area:2 "普吉特海湾"
salish_sea_area_name:1 "苏魁米什"
salish_sea_area_adj:1 "苏魁米什"
interior_plateau_area:0 "内陆高原"
interior_plateau_area_name:0 "达克尔"
interior_plateau_area_adj:1 "达克尔"
hecate_strait_area:0 "赫卡特海峡"
hecate_strait_area_name:1 "海思拉"
hecate_strait_area_adj:1 "海思拉"
alaska_area:1 "西阿拉斯加"
alaska_area_name:1 "阿留申"
alaska_area_adj:1 "阿留申"
lower_acadia_area:0 "下阿卡迪亚"
lower_acadia_area_name:1 "因努克"
lower_acadia_area_adj:1 "因努克"
upper_acadia_area:0 "上阿卡迪亚"
upper_acadia_area_name:1 "马力希特部"
upper_acadia_area_adj:1 "马力希特部"
newfoundland_area:0 "纽芬兰"
newfoundland_area_name:1 "贝奥图克"
newfoundland_area_adj:1 "贝奥图克"
labrador_area:0 "拉布拉多"
labrador_area_name:1 "纳斯卡皮"
labrador_area_adj:1 "纳斯卡皮"
cote_nord_area:0 "北海岸"
cote_nord_area_name:1 "伊利"
cote_nord_area_adj:1 "伊利"
notre_dame_mountains_area:1 "魁北克"
notre_dame_mountains_area_name:1 "斯塔达科纳"
notre_dame_mountains_area_adj:1 "斯塔达科纳"
lower_canada_area:0 "下加拿大"
lower_canada_area_name:1 "奥雪来嘉"
lower_canada_area_adj:1 "奥雪来嘉"
upper_canada_area:0 "上加拿大"
upper_canada_area_name:1 "塔万达伦"
upper_canada_area_adj:1 "塔万达伦"
laurentian_area:0 "劳伦提亚"
laurentian_area_name:1 "阿尔冈昆部"
laurentian_area_adj:1 "阿尔冈昆部"
inner_ontario_area:1 "阿比提比"
inner_ontario_area_adj:1 "莫索尼"
inner_ontario_area_name:1 "莫索尼"
upper_ontario_area:0 "上安大略"
upper_ontario_area_name:1 "奥吉布瓦"
upper_ontario_area_adj:1 "奥吉布瓦"
huronia_area:0 "休伦尼亚"
huronia_area_name:1 "温达克"
huronia_area_adj:1 "温达克"
james_bay_area:0 "詹姆士湾"
james_bay_area_name:1 "纳斯卡皮部"
james_bay_area_adj:1 "纳斯卡皮部"
hudson_bay_area:0 "哈德逊湾"
hudson_bay_area_name:1 "克里沼泽部"
hudson_bay_area_adj:1 "克里沼泽部"
red_river_area:1 "红河地区"
red_river_area_name:1 "索尔托"
red_river_area_adj:1 "索尔托"
saskatchewan_area:0 "萨斯喀彻温"
saskatchewan_area_name:0 "萨斯喀彻温"
saskatchewan_area_adj:0 "萨斯喀彻温"
prairies_area:1 "艾伯塔"
prairies_area_name:1 "黑脚部"
prairies_area_adj:1 "黑脚部"
athabasca_area:0 "阿萨巴斯卡"
athabasca_area_name:1 "奇帕维安部"
athabasca_area_adj:1 "奇帕维安部"
northeast_mexico_area:1 "科阿韦拉"
northeast_mexico_area_name:1 "科阿韦拉"
northeast_mexico_area_adj:1 "科阿韦拉"
durango_area:0 "杜兰戈"
durango_area_name:1 "恕玛"
durango_area_adj:1 "恕玛"
sonora_y_sinaloa_area:0 "索诺拉-锡那罗亚"
sonora_y_sinaloa_area_name:1 "奥德罕姆"
sonora_y_sinaloa_area_adj:1 "奥德罕姆"
baja_california_area:0 "巴贾加利福尼亚"
baja_california_area_name:0 "瓜伊库拉"
baja_california_area_adj:0 "瓜伊库拉"
jalisco_area:0 "哈利斯科"
jalisco_area_name:0 "哈利斯科"
jalisco_area_adj:0 "哈利斯科"
michoacan_area:0 "米却肯"
michoacan_area_name:0 "米却肯"
michoacan_area_adj:0 "米却肯"
gran_chichimeca_area:0 "格兰奇奇梅克"
gran_chichimeca_area_name:1 "奇奇梅克"
gran_chichimeca_area_adj:0 "奇奇梅克"
mexico_area:0 "墨西哥"
mexico_area_name:0 "墨西哥"
mexico_area_adj:0 "墨西哥"
guerrero_area:0 "格雷罗"
guerrero_area_name:0 "格雷罗"
guerrero_area_adj:0 "格雷罗"
oaxaca_area:0 "瓦哈卡"
oaxaca_area_name:0 "瓦哈卡"
oaxaca_area_adj:0 "瓦哈卡"
eastern_mexico_area:1 "韦拉克鲁斯"
eastern_mexico_area_name:0 "贾拉普"
eastern_mexico_area_adj:0 "贾拉普"
chiapas_area:0 "恰帕斯"
chiapas_area_name:0 "恰帕斯"
chiapas_area_adj:0 "恰帕斯"
yucatan_area:1 "西尤卡坦"
yucatan_area_name:1 "玛雅潘"
yucatan_area_adj:1 "玛雅潘"
east_yucatan_area:0 "东尤卡坦"
east_yucatan_area_name:1 "科苏梅尔"
east_yucatan_area_adj:1 "科苏梅尔"
guatemala_area:0 "危地马拉"
guatemala_area_name:1 "喀克其奎"
guatemala_area_adj:1 "喀克其奎"
honduras_area:0 "洪都拉斯"
honduras_area_name:1 "乔卢特卡"
honduras_area_adj:1 "乔卢特卡"
nicaragua_area:0 "尼加拉瓜"
nicaragua_area_name:1 "曼盖"
nicaragua_area_adj:1 "曼盖"
assiniboia_area:0 "阿西尼博亚"
assiniboia_area_name:0 "纳科达"
assiniboia_area_adj:0 "纳科达"
maryland_area:0 "马里兰"
maryland_area_name:0 "皮斯卡塔韦"
maryland_area_adj:0 "皮斯卡塔韦"
straits_of_georgia_area:0 "乔治亚海峡"
straits_of_georgia_area_name:0 "锡谢尔特部"
straits_of_georgia_area_adj:0 "锡谢尔特部"
east_alaska_area:0 "阿拉斯加狭地"
east_alaska_area_name:0 "特林基特"
east_alaska_area_adj:0 "特林基特"
panama_area:0 "巴拿马"
panama_area_name:0 "巴拿马"
panama_area_adj:0 "巴拿马"
cuba_area:1 "古巴西部"
cuba_area_name:1 "西沃内"
cuba_area_adj:1 "西沃内"
east_cuba_area:0 "古巴东部"
east_cuba_area_name:0 "巴拉科阿"
east_cuba_area_adj:0 "巴拉科阿"
hispaniola_area:0 "伊斯帕尼奥拉"
hispaniola_area_name:1 "泰诺"
hispaniola_area_adj:1 "泰诺"
greater_antilles_area:0 "大安的列斯"
greater_antilles_area_name:0 "牙买加"
greater_antilles_area_adj:0 "牙买加"
lucayan_area:0 "庐卡雅群岛"
lucayan_area_name:0 "巴哈马"
lucayan_area_adj:0 "巴哈马"
leeward_islands_area:0 "背风群岛"
leeward_islands_area_name:0 "瓜德罗普"
leeward_islands_area_adj:0 "瓜德罗普"
windward_islands_area:0 "向风群岛"
windward_islands_area_name:0 "特立尼达"
windward_islands_area_adj:0 "特立尼达"
western_mediterrenean_area:0 "西地中海"
eastern_mediterrenean_area:0 "东地中海"
black_sea_area:0 "黑海"
baltic_area:0 "波罗的海"
kattegat_area:0 "卡特加特海峡"
north_sea_area:0 "北海"
norwegian_sea_area:0 "挪威海"
white_sea_area:0 "白海"
red_sea_area:0 "红海"
persian_gulf_area:0 "波斯湾"
arabian_sea_area:0 "阿拉伯海"
bay_of_bengal_area:0 "孟加拉湾"
eastern_indian_ocean_area:0 "印度洋东部"
western_indian_ocean_area:0 "印度洋西部"
great_australian_bight_area:0 "大澳大利亚湾"
swahili_coast_sea_area:0 "斯瓦希里海岸"
south_china_sea_area:0 "南海"
celebes_sea_area:0 "西里伯斯海"
java_sea_area:0 "爪哇海"
east_china_sea_area:0 "东海"
sea_of_japan_area:0 "日本海"
sea_of_okhotsk_area:0 "鄂霍次克海"
berring_sea_area:0 "白令海"
tasman_sea_area:0 "塔斯曼海"
coral_sea_area:0 "珊瑚海"
philipine_sea_area:0 "菲律宾海"
banda_arafura_seas_area:0 "班达-阿拉弗拉海"
gulf_of_alaska_area:0 "阿拉斯加湾"
sea_of_grau_area:0 "格劳海"
chilean_sea_area:0 "智利海"
gulf_of_panama_area:0 "巴拿马湾"
bay_of_biscay_area:0 "比斯开湾"
english_channel_area:0 "英吉利海峡"
caribbean_sea_area:0 "加勒比海"
gulf_of_mexico_area:0 "墨西哥湾"
sea_of_labrador_area:0 "拉布拉多海"
hudson_bay_sea_area:0 "哈德逊湾"
denmark_strait_area:0 "丹麦海峡"
gulf_of_guinea_sea_area:0 "几内亚海湾"
cape_of_storms_area:0 "风暴角"
skeleton_coast_area:0 "骷髅海岸"
east_pacific_ocean_area:0 "东太平洋"
polynesian_triangle_area:0 "波利尼西亚三角"
south_pacific_area:0 "南太平洋"
north_pacific_area:0 "北太平洋"
north_pacific_coast_area:0 "太平洋海岸"
coast_of_brazil_sea_area:0 "巴西海岸"
coast_of_guyana_area:0 "圭亚那海岸"
celtic_sea_area:0 "凯尔特海"
west_african_coast_sea_area:0 "西非海岸"
south_atlantic_area:0 "南大西洋"
argentine_sea_area:0 "阿根廷海"
gulf_of_st_lawrence_area:0 "圣劳伦斯湾"
gulf_stream_area:0 "墨西哥湾流"
sargasso_sea_area:0 "马尾藻海"
north_atlantic_area:0 "北大西洋"
bahama_channel_area:0 "巴哈马水道"
france_region:0 "法兰西"
france_region_name:0 "法兰西"
france_region_adj:0 "法兰西"
scandinavia_region:0 "斯堪的纳维亚"
scandinavia_region_name:0 "斯堪的纳维亚"
scandinavia_region_adj:0 "斯堪的纳维亚"
low_countries_region:0 "低地"
low_countries_region_name:0 "低地"
low_countries_region_adj:0 "荷兰"
italy_region:0 "意大利"
italy_region_name:0 "意大利"
italy_region_adj:0 "意大利"
iberia_region:0 "伊比利亚"
iberia_region_name:0 "伊比利亚"
iberia_region_adj:0 "伊比利亚"
germany_region:0 "德意志"
germany_region_name:0 "德意志"
germany_region_adj:0 "德意志"
north_german_region:0 "北德意志"
north_german_region_name:0 "北德意志"
north_german_region_adj:0 "北德意志"
south_german_region:0 "南德意志"
south_german_region_name:0 "南德意志"
south_german_region_adj:0 "南德意志"
russia_region:0 "俄罗斯"
russia_region_adj:0 "俄罗斯"
ural_region:0 "乌拉尔"
ural_region_name:0 "乌拉尔"
ural_region_adj:0 "乌拉尔"
malaya_region:0 "马来亚"
malaya_region_name:0 "马来亚"
malaya_region_adj:0 "马来亚"
moluccas_region:0 "摩鹿加"
moluccas_region_name:0 "摩鹿加"
moluccas_region_adj:0 "摩鹿加"
java_region:0 "爪哇"
java_region_name:0 "爪哇"
java_region_adj:0 "爪哇"
british_isles_region:0 "不列颠"
british_isles_region_name:0 "不列颠"
british_isles_region_adj:0 "不列颠"
baltic_region:0 "波罗的海"
baltic_region_name:0 "波罗的海"
baltic_region_adj:0 "波罗的海"
poland_region:0 "波兰"
poland_region_name:0 "波兰"
poland_region_adj:0 "波兰"
ruthenia_region:0 "鲁塞尼亚"
ruthenia_region_name:0 "鲁塞尼亚"
ruthenia_region_adj:0 "鲁塞尼亚"
crimea_region:1 "东欧大草原"
crimea_region_name:0 "克里米亚"
crimea_region_adj:0 "克里米亚"
balkan_region:0 "巴尔干"
balkan_region_name:0 "南斯拉夫"
balkan_region_adj:0 "南斯拉夫"
carpathia_region:0 "卡帕提亚"
carpathia_region_name:0 "卡帕提亚"
carpathia_region_adj:0 "卡帕提亚"
egypt_region:0 "埃及"
egypt_region_name:0 "埃及"
egypt_region_adj:0 "埃及"
maghreb_region:0 "马格里布"
maghreb_region_name:0 "马格里布"
maghreb_region_adj:0 "马格里布"
mashriq_region:0 "马什里克"
mashriq_region_name:0 "马什里克"
mashriq_region_adj:0 "马什里克"
anatolia_region:0 "安纳托利亚"
anatolia_region_name:0 "安纳托利亚"
anatolia_region_adj:0 "安纳托利亚"
persia_region:0 "波斯"
persia_region_name:0 "波斯"
persia_region_adj:0 "波斯"
khorasan_region:0 "呼罗珊"
khorasan_region_name:0 "呼罗珊"
khorasan_region_adj:0 "呼罗珊"
baluchistan_region:0 "俾路支"
baluchistan_region_name:0 "俾路支"
baluchistan_region_adj:0 "俾路支"
caucasia_region:0 "高加索"
caucasia_region_name:0 "高加索"
caucasia_region_adj:0 "高加索"
arabia_region:0 "阿拉伯"
arabia_region_name:0 "阿拉伯"
arabia_region_adj:0 "阿拉伯"
guinea_region:0 "几内亚"
guinea_region_name:0 "几内亚"
guinea_region_adj:0 "几内亚"
sao_tome_area:0 "圣多美"
sao_tome_area_name:0 "圣多美"
sao_tome_area_adj:0 "圣多美"
niger_region:0 "尼日尔"
niger_region_name:0 "尼日尔"
niger_region_adj:0 "尼日尔"
horn_of_africa_region:0 "非洲之角"
horn_of_africa_region_name:0 "索马里"
horn_of_africa_region_adj:0 "索马里"
east_africa_region:0 "东非"
east_africa_region_name:0 "斯瓦希里"
east_africa_region_adj:0 "斯瓦希里"
kongo_region:0 "刚果"
kongo_region_name:0 "刚果"
kongo_region_adj:0 "刚果"
central_asia_region:0 "中亚"
central_asia_region_name:0 "鞑靼"
central_asia_region_adj:0 "鞑靼"
south_africa_region:0 "南非"
south_africa_region_name:0 "开普"
south_africa_region_adj:0 "开普"
west_siberia_region:0 "西伯利亚西部"
west_siberia_region_name:0 "西伯利亚西部"
west_siberia_region_adj:0 "西伯利亚西部"
east_siberia_region:0 "西伯利亚东部"
east_siberia_region_name:0 "西伯利亚东部"
east_siberia_region_adj:0 "西伯利亚东部"
mongolia_region:0 "蒙古"
mongolia_region_name:0 "蒙古"
mongolia_region_adj:0 "蒙古"
manchuria_region:0 "满洲"
manchuria_region_name:0 "满洲"
manchuria_region_adj:0 "满洲"
tibet_region:0 "西藏"
tibet_region_name:0 "西藏"
tibet_region_adj:0 "西藏"
bengal_region:0 "孟加拉"
bengal_region_name:0 "孟加拉"
bengal_region_adj:0 "孟加拉"
hindusthan_region:0 "印度斯坦"
hindusthan_region_name:0 "印度斯坦"
hindusthan_region_adj:0 "印度斯坦"
rajputana_region:0 "拉杰普塔纳"
rajputana_region_name:0 "拉杰普塔纳"
rajputana_region_adj:0 "拉杰普塔纳"
deccan_region:0 "德干"
deccan_region_name:0 "德干"
deccan_region_adj:0 "德干"
coromandel_region:0 "科罗曼德"
coromandel_region_name:0 "科罗曼德"
coromandel_region_adj:0 "科罗曼德"
west_india_region:0 "印度西部"
west_india_region_name:0 "古吉拉特"
west_india_region_adj:0 "古吉拉特"
burma_region:0 "缅甸"
burma_region_name:0 "缅甸"
burma_region_adj:0 "缅甸"
japan_region:0 "日本"
japan_region_name:0 "日本"
japan_region_adj:0 "日本"
korea_region:0 "朝鲜"
korea_region_name:0 "朝鲜"
korea_region_adj:0 "朝鲜"
australia_region:0 "澳大利亚"
australia_region_name:0 "澳大利亚"
australia_region_adj:0 "澳大利亚"
new_zealand_region:0 "新西兰"
new_zealand_region_name:0 "新西兰"
new_zealand_region_adj:0 "新西兰"
south_china_region:0 "华南"
south_china_region_name:0 "广东"
south_china_region_adj:0 "广东"
xinan_region:0 "西南"
xinan_region_name:0 "西南"
xinan_region_adj:0 "西南"
north_china_region:0 "华北"
north_china_region_name:0 "华北"
north_china_region_adj:0 "中国"
brazil_region:0 "巴西"
brazil_region_name:0 "巴西"
brazil_region_adj:0 "巴西"
la_plata_region:0 "拉普拉塔"
la_plata_region_name:0 "拉普拉塔"
la_plata_region_adj:0 "拉普拉塔"
upper_peru_region:0 "上秘鲁"
upper_peru_region_name:0 "玻利维亚"
upper_peru_region_adj:0 "玻利维亚"
colombia_region:0 "哥伦比亚"
colombia_region_name:0 "哥伦比亚"
colombia_region_adj:0 "哥伦比亚"
peru_region:0 "秘鲁"
peru_region_name:0 "秘鲁"
peru_region_adj:0 "秘鲁"
indonesia_region:0 "印度尼西亚"
indonesia_region_name:0 "印度尼西亚"
indonesia_region_adj:0 "印度尼西亚"
oceanea_region:0 "大洋洲"
oceanea_region_name:0 "大洋洲"
oceanea_region_adj:0 "大洋洲"
indo_china_region:0 "印度支那"
indo_china_region_name:0 "印度支那"
indo_china_region_adj:0 "印度支那"
canada_region:0 "加拿大"
canada_region_name:0 "加拿大"
canada_region_adj:0 "加拿大"
great_lakes_region:0 "五大湖区"
great_lakes_region_name:0 "威斯康星"
great_lakes_region_adj:0 "威斯康星"
northeast_america_region:0 "北美东北"
northeast_america_region_name:0 "宾夕法尼亚"
northeast_america_region_adj:0 "宾夕法尼亚"
southeast_america_region:0 "北美东南"
southeast_america_region_name:0 "弗吉尼亚"
southeast_america_region_adj:0 "弗吉尼亚"
mississippi_region:0 "密西西比"
mississippi_region_name:1 "密西西比"
mississippi_region_adj:1 "密西西比"
choctaw_area:1 "田纳西"
choctaw_area_name:0 "巧克陶"
choctaw_area_adj:0 "巧克陶"
great_plains_region:0 "大平原"
great_plains_region_name:0 "内布拉斯加"
great_plains_region_adj:0 "内布拉斯加"
california_region:0 "加利福尼亚"
california_region_name:0 "加利福尼亚"
california_region_adj:0 "加利福尼亚"
cascadia_region:0 "卡斯卡迪亚"
cascadia_region_name:0 "卡斯卡迪亚"
cascadia_region_adj:0 "卡斯卡迪亚"
hudson_bay_region:0 "哈德逊湾"
hudson_bay_region_name:0 "马尼托巴"
hudson_bay_region_adj:0 "马尼托巴"
mexico_region:0 "墨西哥"
mexico_region_name:0 "墨西哥"
mexico_region_adj:0 "墨西哥"
central_america_region:0 "中美洲"
central_america_region_name:0 "危地马拉"
central_america_region_adj:0 "危地马拉"
carribeans_region:0 "加勒比"
carribeans_region_name:0 "加勒比"
carribeans_region_adj:0 "加勒比"
south_atlantic_region:0 "南大西洋"
atlantic_south_america_region:0 "南美东海岸"
pacific_south_america_region:0 "南美西海岸"
north_west_pacific_region:0 "西北太平洋"
south_west_pacific_region:0 "西南太平洋"
south_east_pacific_region:0 "东南太平洋"
north_east_pacific_region:0 "东北太平洋"
east_china_sea_region:0 "东海"
south_china_sea_region:0 "南海"
east_indian_ocean_region:0 "印度洋东部"
arabian_sea_region:0 "阿拉伯海"
west_indian_ocean_region:0 "印度洋西部"
west_african_sea_region:0 "西非海"
caribbean_sea_region:0 "加勒比海"
mediterrenean_region:0 "地中海"
american_east_coast_region:0 "北美东海岸"
north_atlantic_region:0 "北大西洋"
baltic_sea_region:0 "波罗的海"
south_indian_ocean_area:0 "印度洋南部"
south_indian_ocean_region:0 "印度洋南部"
central_africa_region:0 "中非"
central_africa_region_name:0 "非洲"
central_africa_region_adj:0 "非洲"
europe_superregion:0 "西欧"
europe_superregion_name:0 "法兰西"
europe_superregion_adj:0 "法兰克"
north_america_superregion:0 "北美"
north_america_superregion_name:0 "美利坚"
north_america_superregion_adj:0 "美利坚"
africa_superregion:0 "非洲"
africa_superregion_name:0 "非洲"
africa_superregion_adj:0 "非洲"
south_america_superregion:0 "南美"
south_america_superregion_name:0 "哥伦比亚"
south_america_superregion_adj:0 "哥伦比亚"
central_america_superregion:0 "中美洲"
central_america_superregion_name:0 "墨西哥"
central_america_superregion_adj:0 "墨西哥"
china_superregion:0 "中国"
china_superregion_name:0 "中国"
china_superregion_adj:0 "中国"
east_indies_superregion:0 "东印度"
east_indies_superregion_name:0 "印度尼西亚"
east_indies_superregion_adj:0 "印度尼西亚"
india_superregion:0 "印度"
india_superregion_name:0 "印度"
india_superregion_adj:0 "印度"
near_east_superregion:0 "近东"
near_east_superregion_name:0 "安纳托利亚"
near_east_superregion_adj:0 "安纳托利亚"
persia_superregion:0 "波斯"
persia_superregion_name:0 "波斯"
persia_superregion_adj:0 "波斯"
kenya_area:0 "肯尼亚"
kenya_area_name:0 "肯尼亚"
kenya_area_adj:0 "肯尼亚"
andaman_sea_area:0 "安达曼海"
limpopo_area:0 "纳塔尔"
limpopo_area_name:0 "纳塔尔"
limpopo_area_adj:0 "纳塔尔"
quelimane_area:0 "克利马内"
quelimane_area_name:0 "克利马内"
quelimane_area_adj:0 "克利马内"
southern_madagascar:0 "南马达加斯加"
southern_madagascar_name:0 "巴拉"
southern_madagascar_adj:0 "巴拉"
sakalava_area:0 "萨卡拉瓦"
sakalava_area_name:0 "萨卡拉瓦"
sakalava_area_adj:0 "萨卡拉瓦"
betsimasaraka_area:0 "贝茨米萨拉卡"
betsimasaraka_area_name:0 "贝茨米萨拉卡"
betsimasaraka_area_adj:0 "贝茨米萨拉卡"
madagascar_highlands_area:0 "马达加斯加高地"
madagascar_highlands_area_name:0 "梅里纳"
madagascar_highlands_area_adj:0 "梅里纳"
bothnia_area:1 "博滕"
bothnia_area_name:0 "波的尼亚"
bothnia_area_adj:0 "波的尼亚"
western_ireland_area:0 "西爱尔兰"
western_ireland_area_name:0 "芒斯特"
western_ireland_area_adj:0 "芒斯特"
eastern_ireland_area:0 "东爱尔兰"
eastern_ireland_area_name:0 "伦斯特"
eastern_ireland_area_adj:0 "伦斯特"
southern_jutland_area:0 "丹麦南部"
southern_jutland_area_name:0 "石勒苏益格"
southern_jutland_area_adj:0 "石勒苏益格"
eastern_europe_superregion:0 "东欧"
eastern_europe_superregion_name:0 "罗斯"
eastern_europe_superregion_adj:0 "罗斯"
tartary_superregion:0 "鞑靼"
tartary_superregion_name:0 "大鞑靼"
tartary_superregion_adj:0 "鞑靼"
far_east_superregion:0 "远东"
far_east_superregion_name:0 "远东"
far_east_superregion_adj:0 "远东"
oceania_superregion:0 "大洋洲"
oceania_superregion_name:0 "大洋洲"
oceania_superregion_adj:0 "大洋洲"
laponia_area:0 "拉普兰"
laponia_area_name:0 "萨米"
laponia_area_adj:0 "萨米"
arabian_sea_islands_area:0 "阿拉伯海诸岛"
arabian_sea_islands_area_name:0 "索科特拉"
arabian_sea_islands_area_adj:0 "索科特拉"
ad_dahna_area:0 "达哈拉"
ad_dahna_area_name:0 "阿拉伯"
ad_dahna_area_adj:0 "阿拉伯"
central_heilongjiang_area:0 "中黑龙江"
central_heilongjiang_area_adj:0 "瑷珲"
central_heilongjiang_area_name:0 "瑷珲"
ningguta_area:0 "宁古塔"
ningguta_area_adj:0 "宁古塔"
ningguta_area_name:0 "宁古塔"
uliastai_area:0 "乌里雅苏台"
uliastai_area_adj:0 "乌里雅苏台"
uliastai_area_name:0 "乌里雅苏台"
tannu_uriankhai_area:0 "唐努乌梁海"
east_altishahr_area:0 "东回部"
east_altishahr_area_adj:0 "恰尔羌"
east_altishahr_area_name:0 "恰尔羌"
turpan_kumul_area:0 "吐鲁番-哈密"
turpan_kumul_area_adj:0 "哈密"
turpan_kumul_area_name:0 "哈密"
chuanbei_area:0 "川北"
chuanbei_area_adj:0 "阆中"
chuanbei_area_name:0 "阆中"
shanshan_area:0 "鄯善"
shanshan_area_adj:0 "鄯善"
shanshan_area_name:0 "鄯善"
minsk_area:0 "明斯克"
minsk_area_adj:0 "明斯克"
minsk_area_name:0 "明斯克"
tver_area:0 "特维尔"
tver_area_adj:0 "特维尔"
tver_area_name:0 "特维尔"
yaroslavl_area:0 "雅罗斯拉夫尔"
yaroslavl_area_name:0 "雅罗斯拉夫尔"
yaroslavl_area_adj:0 "雅罗斯拉夫尔"
vladimir_area:0 "弗拉基米尔"
vladimir_area_name:0 "弗拉基米尔"
vladimir_area_adj:0 "弗拉基米尔"
oka_area:0 "奥卡"
oka_area_name:0 "图拉"
oka_area_adj:0 "图拉"
arkhangelsk_area:0 "阿尔汉格尔斯克"
arkhangelsk_area_name:0 "阿尔汉格尔斯克"
arkhangelsk_area_adj:0 "阿尔汉格尔斯克"
vologda_area:0 "沃洛格达"
vologda_area_name:0 "沃洛格达"
vologda_area_adj:0 "沃洛格达"
volga_area:0 "伏尔加"
volga_area_name:0 "博加利亚"
volga_area_adj:0 "博加利亚"
southern_najd_area:0 "南内志"
southern_najd_area_name:0 "亚玛玛"
southern_najd_area_adj:0 "亚玛玛"
mahra_area:0 "马赫里"
mahra_area_name:0 "马赫里"
mahra_area_adj:0 "马赫里"
upper_yemen_area:0 "上也门"
upper_yemen_area_name:0 "萨纳"
upper_yemen_area_adj:0 "萨南"
tihama_al_yemen_area:0 "蒂哈马 阿尔-也门"
tihama_al_yemen_area_name:0 "宰比德"
tihama_al_yemen_area_adj:0 "宰比德"
asir_area:0 "阿西尔"
asir_area_name:0 "米克诺夫"
asir_area_adj:0 "米克诺夫"
mecca_area:0 "麦加"
mecca_area_name:0 "麦加"
mecca_area_adj:0 "麦加"
medina_area:0 "麦地那"
medina_area_name:0 "麦地那"
medina_area_adj:0 "麦地那"
nafud_area:0 "内夫得"
nafud_area_name:0 "沙马"
nafud_area_adj:0 "沙马里"
trans_jordan_area:0 "外约旦"
trans_jordan_area_name:0 "约旦"
trans_jordan_area_adj:0 "约旦"
mascat_area:0 "马斯喀特"
mascat_area_name:0 "马斯喀特"
mascat_area_adj:0 "马斯喀特"
shahrizor_area:0 "沙西米索"
shahrizor_area_name:0 "沙西米索"
shahrizor_area_adj:0 "沙西米索"
cukurova_area:0 "丘库罗瓦"
cukurova_area_name:0 "丘库罗瓦"
cukurova_area_adj:0 "丘库罗瓦"
syrian_desert_area:0 "叙利亚沙漠"
syrian_desert_area_name:0 "巴尔米拉"
syrian_desert_area_adj:0 "巴尔米拉"
khuzestan_area:0 "胡齐斯坦"
khuzestan_area_name:0 "胡齐斯坦"
khuzestan_area_adj:0 "胡齐斯坦"
kartli_kakheti_area:0 "卡特利-卡赫季"
kartli_kakheti_area_name:0 "卡特利-卡赫季"
kartli_kakheti_area_adj:0 "卡特利-卡赫季"
samtskhe_area:0 "萨姆茨赫"
samtskhe_area_name:0 "萨姆茨赫"
samtskhe_area_adj:0 "萨姆茨赫"
imereti_area:0 "伊梅列季"
imereti_area_name:0 "伊梅列季"
imereti_area_adj:0 "伊梅列季"
aegean_archipelago_area:0 "爱琴海群岛"
aegean_archipelago_area_name:0 "纳克索斯"
aegean_archipelago_area_adj:0 "纳克索斯"
germiyan_area:0 "加米安"
germiyan_area_name:0 "加米安"
germiyan_area_adj:0 "加米安"
ankara_area:0 "安卡拉"
ankara_area_name:0 "安卡拉"
ankara_area_adj:0 "安卡拉"
gulf_of_arabia_area:0 "红海山脉"
gulf_of_arabia_area_name:0 "苏伊士"
gulf_of_arabia_area_adj:0 "苏伊士"
al_wahat_area:0 "绿洲"
al_wahat_area_name:0 "绿洲"
al_wahat_area_adj:0 "绿洲"
delta_area:0 "坦塔"
delta_area_name:0 "拉希德"
delta_area_adj:0 "拉希德"
bahari_area:0 "巴哈日"
bahari_area_name:0 "巴哈日"
bahari_area_adj:0 "巴哈日"
vostani_area:0 "瓦斯塔尼"
vostani_area_name:0 "瓦斯塔尼"
vostani_area_adj:0 "瓦斯塔尼"
said_area:0 "赛义德"
said_area_name:0 "赛义德"
said_area_adj:0 "赛义德"
birjand_area:0 "比尔詹德"
birjand_area_name:0 "比尔詹德"
birjand_area_adj:0 "比尔詹德"
herat_area:0 "赫拉特"
herat_area_name:0 "赫拉特"
herat_area_adj:0 "赫拉特"
mashhad_area:0 "马什哈德"
mashhad_area_name:0 "马什哈德"
mashhad_area_adj:0 "马什哈德"
termez_area:0 "卡塔兰"
termez_area_name:0 "卡塔兰"
termez_area_adj:0 "卡塔兰"
mogostan_area:0 "莫哥斯坦"
mogostan_area_name:0 "莫哥斯坦"
mogostan_area_adj:0 "莫哥斯坦"
west_mindanao_area:0 "西棉兰老岛"
west_mindanao_area_name:0 "棉兰老岛"
west_mindanao_area_adj:0 "棉兰老岛"
visayas_area:0 "米沙鄢群岛"
visayas_area_name:0 "米沙鄢群岛"
visayas_area_adj:0 "米沙鄢群岛"
palawan_area:0 "巴拉望"
palawan_area_name:0 "巴拉望"
palawan_area_adj:0 "巴拉望"
southern_luzon_area:0 "吕宋南部"
southern_luzon_area_name:0 "马尼拉"
southern_luzon_area_adj:0 "马尼拉"
eastern_chubu_area:0 "中部东部"
eastern_chubu_area_name:0 "骏河"
eastern_chubu_area_adj:0 "骏河"
munster_area:0 "芒斯特"
munster_area_name:0 "芒斯特"
munster_area_adj:0 "芒斯特"
connacht_area:0 "康諾特"
connacht_area_name:0 "康諾特"
connacht_area_adj:0 "康諾特"
ulster_area:0 "乌尔斯特"
ulster_area_name:0 "乌尔斯特"
ulster_area_adj:0 "乌尔斯特"
leinster_area:0 "伦斯特"
leinster_area_name:0 "伦斯特"
leinster_area_adj:0 "伦斯特"